20260915-18:46:37.440 : 8=FIX.4.4|9=0|35=A|34=1|49=BROKER1|56=VENUEX|52=20260915-18:46:37.440|98=0|108=30|10=000
20260915-18:46:37.640 : 8=FIX.4.4|9=0|35=A|34=1|49=VENUEX|56=BROKER1|52=20260915-18:46:37.640|98=0|108=30|10=000
20260915-18:46:37.641 : 8=FIX.4.4|9=0|35=D|34=2|49=BROKER1|56=VENUEX|52=20260915-18:46:37.641|11=ORD2|55=GBPUSD|54=1|38=100000|40=2|44=1.06653|10=000
20260915-18:46:37.641 : 8=FIX.4.4|9=0|35=8|34=2|49=VENUEX|56=BROKER1|52=20260915-18:46:37.641|11=ORD2|39=0|150=0|17=EX2|10=000
20260915-18:46:37.642 : 8=FIX.4.4|9=0|35=0|34=3|49=BROKER1|56=VENUEX|52=20260915-18:46:37.642|10=000
20260915-18:46:37.642 : 8=FIX.4.4|9=0|35=0|34=3|49=VENUEX|56=BROKER1|52=20260915-18:46:37.642|10=000
20260915-18:46:37.742 : 8=FIX.4.4|9=0|35=D|34=4|49=BROKER1|56=VENUEX|52=20260915-18:46:37.742|11=ORD4|55=XAUUSD|54=2|38=250000|40=2|44=1.09848|10=000
20260915-18:46:37.743 : 8=FIX.4.4|9=0|35=8|34=4|49=VENUEX|56=BROKER1|52=20260915-18:46:37.743|11=ORD4|39=0|150=0|17=EX4|10=000
20260915-18:46:37.843 : 8=FIX.4.4|9=0|35=D|34=5|49=BROKER1|56=VENUEX|52=20260915-18:46:37.843|11=ORD5|55=XAUUSD|54=2|38=250000|40=2|44=1.05328|10=000
20260915-18:46:37.843 : 8=FIX.4.4|9=0|35=8|34=5|49=VENUEX|56=BROKER1|52=20260915-18:46:37.843|11=ORD5|39=0|150=0|17=EX5|10=000
20260915-18:46:37.944 : 8=FIX.4.4|9=0|35=D|34=6|49=BROKER1|56=VENUEX|52=20260915-18:46:37.944|11=ORD6|55=GBPUSD|54=1|38=250000|40=2|44=1.05667|10=000
20260915-18:46:37.944 : 8=FIX.4.4|9=0|35=8|34=6|49=VENUEX|56=BROKER1|52=20260915-18:46:37.944|11=ORD6|39=0|150=0|17=EX6|10=000
20260915-18:46:38.044 : 8=FIX.4.4|9=0|35=D|34=7|49=BROKER1|56=VENUEX|52=20260915-18:46:38.044|11=ORD7|55=XAUUSD|54=2|38=250000|40=2|44=1.0815|10=000
20260915-18:46:38.045 : 8=FIX.4.4|9=0|35=8|34=7|49=VENUEX|56=BROKER1|52=20260915-18:46:38.045|11=ORD7|39=0|150=0|17=EX7|10=000
20260915-18:46:38.045 : 8=FIX.4.4|9=0|35=0|34=8|49=BROKER1|56=VENUEX|52=20260915-18:46:38.045|10=000
20260915-18:46:38.045 : 8=FIX.4.4|9=0|35=0|34=8|49=VENUEX|56=BROKER1|52=20260915-18:46:38.045|10=000
20260915-18:46:38.145 : 8=FIX.4.4|9=0|35=D|34=9|49=BROKER1|56=VENUEX|52=20260915-18:46:38.145|11=ORD9|55=XAUUSD|54=2|38=100000|40=2|44=1.07193|10=000
20260915-18:46:38.146 : 8=FIX.4.4|9=0|35=8|34=9|49=VENUEX|56=BROKER1|52=20260915-18:46:38.146|11=ORD9|39=0|150=0|17=EX9|10=000
20260915-18:46:38.246 : 8=FIX.4.4|9=0|35=D|34=10|49=BROKER1|56=VENUEX|52=20260915-18:46:38.246|11=ORD10|55=EURUSD|54=2|38=100000|40=2|44=1.06699|10=000
20260915-18:46:38.246 : 8=FIX.4.4|9=0|35=8|34=10|49=VENUEX|56=BROKER1|52=20260915-18:46:38.246|11=ORD10|39=0|150=0|17=EX10|10=000
20260915-18:46:38.347 : 8=FIX.4.4|9=0|35=D|34=11|49=BROKER1|56=VENUEX|52=20260915-18:46:38.347|11=ORD11|55=XAUUSD|54=1|38=250000|40=2|44=1.07338|10=000
20260915-18:46:38.347 : 8=FIX.4.4|9=0|35=8|34=11|49=VENUEX|56=BROKER1|52=20260915-18:46:38.347|11=ORD11|39=0|150=0|17=EX11|10=000
20260915-18:46:38.447 : 8=FIX.4.4|9=0|35=D|34=12|49=BROKER1|56=VENUEX|52=20260915-18:46:38.447|11=ORD12|55=EURUSD|54=1|38=250000|40=2|44=1.0721|10=000
20260915-18:46:38.447 : 8=FIX.4.4|9=0|35=8|34=12|49=VENUEX|56=BROKER1|52=20260915-18:46:38.447|11=ORD12|39=0|150=0|17=EX12|10=000
20260915-18:46:38.548 : 8=FIX.4.4|9=0|35=D|34=13|49=BROKER1|56=VENUEX|52=20260915-18:46:38.548|11=ORD13|55=GBPUSD|54=1|38=250000|40=2|44=1.06619|10=000
20260915-18:46:38.548 : 8=FIX.4.4|9=0|35=8|34=13|49=VENUEX|56=BROKER1|52=20260915-18:46:38.548|11=ORD13|39=0|150=0|17=EX13|10=000
20260915-18:46:38.548 : 8=FIX.4.4|9=0|35=0|34=14|49=BROKER1|56=VENUEX|52=20260915-18:46:38.548|10=000
20260915-18:46:38.549 : 8=FIX.4.4|9=0|35=0|34=14|49=VENUEX|56=BROKER1|52=20260915-18:46:38.549|10=000
20260915-18:46:38.649 : 8=FIX.4.4|9=0|35=D|34=15|49=BROKER1|56=VENUEX|52=20260915-18:46:38.649|11=ORD15|55=XAUUSD|54=2|38=100000|40=2|44=1.05636|10=000
20260915-18:46:38.649 : 8=FIX.4.4|9=0|35=8|34=15|49=VENUEX|56=BROKER1|52=20260915-18:46:38.649|11=ORD15|39=0|150=0|17=EX15|10=000
20260915-18:46:38.649 : 8=FIX.4.4|9=0|35=0|34=16|49=BROKER1|56=VENUEX|52=20260915-18:46:38.649|10=000
20260915-18:46:38.649 : 8=FIX.4.4|9=0|35=0|34=16|49=VENUEX|56=BROKER1|52=20260915-18:46:38.649|10=000
20260915-18:46:38.750 : 8=FIX.4.4|9=0|35=D|34=17|49=BROKER1|56=VENUEX|52=20260915-18:46:38.750|11=ORD17|55=GBPUSD|54=1|38=100000|40=2|44=1.08627|10=000
20260915-18:46:38.750 : 8=FIX.4.4|9=0|35=8|34=17|49=VENUEX|56=BROKER1|52=20260915-18:46:38.750|11=ORD17|39=0|150=0|17=EX17|10=000
20260915-18:46:38.851 : 8=FIX.4.4|9=0|35=D|34=18|49=BROKER1|56=VENUEX|52=20260915-18:46:38.850|11=ORD18|55=EURUSD|54=2|38=100000|40=2|44=1.05163|10=000
20260915-18:46:38.851 : 8=FIX.4.4|9=0|35=8|34=18|49=VENUEX|56=BROKER1|52=20260915-18:46:38.851|11=ORD18|39=0|150=0|17=EX18|10=000
20260915-18:46:38.951 : 8=FIX.4.4|9=0|35=D|34=19|49=BROKER1|56=VENUEX|52=20260915-18:46:38.951|11=ORD19|55=XAUUSD|54=2|38=100000|40=2|44=1.07352|10=000
20260915-18:46:38.951 : 8=FIX.4.4|9=0|35=8|34=19|49=VENUEX|56=BROKER1|52=20260915-18:46:38.951|11=ORD19|39=0|150=0|17=EX19|10=000
20260915-18:46:39.052 : 8=FIX.4.4|9=0|35=D|34=20|49=BROKER1|56=VENUEX|52=20260915-18:46:39.052|11=ORD20|55=EURUSD|54=1|38=100000|40=2|44=1.05912|10=000
20260915-18:46:39.052 : 8=FIX.4.4|9=0|35=8|34=20|49=VENUEX|56=BROKER1|52=20260915-18:46:39.052|11=ORD20|39=0|150=0|17=EX20|10=000
20260915-18:46:39.152 : 8=FIX.4.4|9=0|35=D|34=21|49=BROKER1|56=VENUEX|52=20260915-18:46:39.152|11=ORD21|55=XAUUSD|54=1|38=100000|40=2|44=1.08406|10=000
20260915-18:46:39.153 : 8=FIX.4.4|9=0|35=8|34=21|49=VENUEX|56=BROKER1|52=20260915-18:46:39.153|11=ORD21|39=0|150=0|17=EX21|10=000
20260915-18:46:39.153 : 8=FIX.4.4|9=0|35=0|34=22|49=BROKER1|56=VENUEX|52=20260915-18:46:39.153|10=000
20260915-18:46:39.153 : 8=FIX.4.4|9=0|35=0|34=22|49=VENUEX|56=BROKER1|52=20260915-18:46:39.153|10=000
20260915-18:46:39.253 : 8=FIX.4.4|9=0|35=D|34=23|49=BROKER1|56=VENUEX|52=20260915-18:46:39.253|11=ORD23|55=EURUSD|54=1|38=100000|40=2|44=1.09174|10=000
20260915-18:46:39.253 : 8=FIX.4.4|9=0|35=8|34=23|49=VENUEX|56=BROKER1|52=20260915-18:46:39.253|11=ORD23|39=0|150=0|17=EX23|10=000
20260915-18:46:39.254 : 8=FIX.4.4|9=0|35=0|34=24|49=BROKER1|56=VENUEX|52=20260915-18:46:39.254|10=000
20260915-18:46:39.254 : 8=FIX.4.4|9=0|35=0|34=24|49=VENUEX|56=BROKER1|52=20260915-18:46:39.254|10=000
20260915-18:46:39.354 : 8=FIX.4.4|9=0|35=D|34=25|49=BROKER1|56=VENUEX|52=20260915-18:46:39.354|11=ORD25|55=GBPUSD|54=2|38=100000|40=2|44=1.07009|10=000
20260915-18:46:39.354 : 8=FIX.4.4|9=0|35=8|34=25|49=VENUEX|56=BROKER1|52=20260915-18:46:39.354|11=ORD25|39=0|150=0|17=EX25|10=000
20260915-18:46:39.354 : 8=FIX.4.4|9=0|35=0|34=26|49=BROKER1|56=VENUEX|52=20260915-18:46:39.354|10=000
20260915-18:46:39.355 : 8=FIX.4.4|9=0|35=0|34=26|49=VENUEX|56=BROKER1|52=20260915-18:46:39.355|10=000
20260915-18:46:39.455 : 8=FIX.4.4|9=0|35=D|34=27|49=BROKER1|56=VENUEX|52=20260915-18:46:39.455|11=ORD27|55=EURUSD|54=1|38=250000|40=2|44=1.05148|10=000
20260915-18:46:39.455 : 8=FIX.4.4|9=0|35=8|34=27|49=VENUEX|56=BROKER1|52=20260915-18:46:39.455|11=ORD27|39=0|150=0|17=EX27|10=000
20260915-18:46:39.556 : 8=FIX.4.4|9=0|35=D|34=28|49=BROKER1|56=VENUEX|52=20260915-18:46:39.555|11=ORD28|55=EURUSD|54=1|38=100000|40=2|44=1.0921|10=000
20260915-18:46:39.556 : 8=FIX.4.4|9=0|35=8|34=28|49=VENUEX|56=BROKER1|52=20260915-18:46:39.556|11=ORD28|39=0|150=0|17=EX28|10=000
20260915-18:46:39.656 : 8=FIX.4.4|9=0|35=D|34=29|49=BROKER1|56=VENUEX|52=20260915-18:46:39.656|11=ORD29|55=EURUSD|54=2|38=250000|40=2|44=1.05891|10=000
20260915-18:46:39.656 : 8=FIX.4.4|9=0|35=8|34=29|49=VENUEX|56=BROKER1|52=20260915-18:46:39.656|11=ORD29|39=0|150=0|17=EX29|10=000
20260915-18:46:39.757 : 8=FIX.4.4|9=0|35=D|34=30|49=BROKER1|56=VENUEX|52=20260915-18:46:39.757|11=ORD30|55=EURUSD|54=2|38=100000|40=2|44=1.08162|10=000
20260915-18:46:39.757 : 8=FIX.4.4|9=0|35=8|34=30|49=VENUEX|56=BROKER1|52=20260915-18:46:39.757|11=ORD30|39=0|150=0|17=EX30|10=000
20260915-18:46:39.757 : 8=FIX.4.4|9=0|35=0|34=31|49=BROKER1|56=VENUEX|52=20260915-18:46:39.757|10=000
20260915-18:46:39.757 : 8=FIX.4.4|9=0|35=0|34=31|49=VENUEX|56=BROKER1|52=20260915-18:46:39.757|10=000
20260915-18:46:39.857 : 8=FIX.4.4|9=0|35=D|34=32|49=BROKER1|56=VENUEX|52=20260915-18:46:39.857|11=ORD32|55=GBPUSD|54=1|38=250000|40=2|44=1.08032|10=000
20260915-18:46:39.858 : 8=FIX.4.4|9=0|35=8|34=32|49=VENUEX|56=BROKER1|52=20260915-18:46:39.858|11=ORD32|39=0|150=0|17=EX32|10=000
20260915-18:46:39.958 : 8=FIX.4.4|9=0|35=D|34=33|49=BROKER1|56=VENUEX|52=20260915-18:46:39.958|11=ORD33|55=XAUUSD|54=1|38=100000|40=2|44=1.06249|10=000
20260915-18:46:39.958 : 8=FIX.4.4|9=0|35=8|34=33|49=VENUEX|56=BROKER1|52=20260915-18:46:39.958|11=ORD33|39=0|150=0|17=EX33|10=000
20260915-18:46:39.959 : 8=FIX.4.4|9=0|35=0|34=34|49=BROKER1|56=VENUEX|52=20260915-18:46:39.959|10=000
20260915-18:46:39.959 : 8=FIX.4.4|9=0|35=0|34=34|49=VENUEX|56=BROKER1|52=20260915-18:46:39.959|10=000
20260915-18:46:40.059 : 8=FIX.4.4|9=0|35=D|34=35|49=BROKER1|56=VENUEX|52=20260915-18:46:40.059|11=ORD35|55=EURUSD|54=1|38=250000|40=2|44=1.07714|10=000
20260915-18:46:40.059 : 8=FIX.4.4|9=0|35=8|34=35|49=VENUEX|56=BROKER1|52=20260915-18:46:40.059|11=ORD35|39=0|150=0|17=EX35|10=000
20260915-18:46:40.160 : 8=FIX.4.4|9=0|35=D|34=36|49=BROKER1|56=VENUEX|52=20260915-18:46:40.160|11=ORD36|55=XAUUSD|54=1|38=100000|40=2|44=1.08844|10=000
20260915-18:46:40.160 : 8=FIX.4.4|9=0|35=8|34=36|49=VENUEX|56=BROKER1|52=20260915-18:46:40.160|11=ORD36|39=0|150=0|17=EX36|10=000
20260915-18:46:40.160 : 8=FIX.4.4|9=0|35=0|34=37|49=BROKER1|56=VENUEX|52=20260915-18:46:40.160|10=000
20260915-18:46:40.160 : 8=FIX.4.4|9=0|35=0|34=37|49=VENUEX|56=BROKER1|52=20260915-18:46:40.160|10=000
20260915-18:46:40.261 : 8=FIX.4.4|9=0|35=D|34=38|49=BROKER1|56=VENUEX|52=20260915-18:46:40.261|11=ORD38|55=XAUUSD|54=2|38=100000|40=2|44=1.06535|10=000
20260915-18:46:40.261 : 8=FIX.4.4|9=0|35=8|34=38|49=VENUEX|56=BROKER1|52=20260915-18:46:40.261|11=ORD38|39=0|150=0|17=EX38|10=000
20260915-18:46:40.261 : 8=FIX.4.4|9=0|35=0|34=39|49=BROKER1|56=VENUEX|52=20260915-18:46:40.261|10=000
20260915-18:46:40.261 : 8=FIX.4.4|9=0|35=0|34=39|49=VENUEX|56=BROKER1|52=20260915-18:46:40.261|10=000
20260915-18:46:40.362 : 8=FIX.4.4|9=0|35=D|34=40|49=BROKER1|56=VENUEX|52=20260915-18:46:40.362|11=ORD40|55=GBPUSD|54=2|38=100000|40=2|44=1.07252|10=000
20260915-18:46:40.362 : 8=FIX.4.4|9=0|35=8|34=40|49=VENUEX|56=BROKER1|52=20260915-18:46:40.362|11=ORD40|39=0|150=0|17=EX40|10=000
20260915-18:46:40.362 : 8=FIX.4.4|9=0|35=0|34=41|49=BROKER1|56=VENUEX|52=20260915-18:46:40.362|10=000
20260915-18:46:40.362 : 8=FIX.4.4|9=0|35=0|34=41|49=VENUEX|56=BROKER1|52=20260915-18:46:40.362|10=000
20260915-18:46:40.463 : 8=FIX.4.4|9=0|35=D|34=42|49=BROKER1|56=VENUEX|52=20260915-18:46:40.463|11=ORD42|55=EURUSD|54=1|38=100000|40=2|44=1.09313|10=000
20260915-18:46:40.463 : 8=FIX.4.4|9=0|35=8|34=42|49=VENUEX|56=BROKER1|52=20260915-18:46:40.463|11=ORD42|39=0|150=0|17=EX42|10=000
20260915-18:46:40.564 : 8=FIX.4.4|9=0|35=D|34=43|49=BROKER1|56=VENUEX|52=20260915-18:46:40.563|11=ORD43|55=GBPUSD|54=2|38=100000|40=2|44=1.05985|10=000
20260915-18:46:40.564 : 8=FIX.4.4|9=0|35=8|34=43|49=VENUEX|56=BROKER1|52=20260915-18:46:40.564|11=ORD43|39=0|150=0|17=EX43|10=000
20260915-18:46:40.664 : 8=FIX.4.4|9=0|35=D|34=44|49=BROKER1|56=VENUEX|52=20260915-18:46:40.664|11=ORD44|55=GBPUSD|54=1|38=250000|40=2|44=1.06688|10=000
20260915-18:46:40.664 : 8=FIX.4.4|9=0|35=8|34=44|49=VENUEX|56=BROKER1|52=20260915-18:46:40.664|11=ORD44|39=0|150=0|17=EX44|10=000
20260915-18:46:40.765 : 8=FIX.4.4|9=0|35=D|34=45|49=BROKER1|56=VENUEX|52=20260915-18:46:40.765|11=ORD45|55=XAUUSD|54=1|38=250000|40=2|44=1.05063|10=000
20260915-18:46:40.765 : 8=FIX.4.4|9=0|35=8|34=45|49=VENUEX|56=BROKER1|52=20260915-18:46:40.765|11=ORD45|39=0|150=0|17=EX45|10=000
20260915-18:46:40.865 : 8=FIX.4.4|9=0|35=D|34=46|49=BROKER1|56=VENUEX|52=20260915-18:46:40.865|11=ORD46|55=GBPUSD|54=1|38=100000|40=2|44=1.06808|10=000
20260915-18:46:40.865 : 8=FIX.4.4|9=0|35=8|34=46|49=VENUEX|56=BROKER1|52=20260915-18:46:40.865|11=ORD46|39=0|150=0|17=EX46|10=000
20260915-18:46:40.966 : 8=FIX.4.4|9=0|35=D|34=47|49=BROKER1|56=VENUEX|52=20260915-18:46:40.966|11=ORD47|55=EURUSD|54=2|38=250000|40=2|44=1.08181|10=000
20260915-18:46:40.966 : 8=FIX.4.4|9=0|35=8|34=47|49=VENUEX|56=BROKER1|52=20260915-18:46:40.966|11=ORD47|39=0|150=0|17=EX47|10=000
20260915-18:46:41.067 : 8=FIX.4.4|9=0|35=D|34=48|49=BROKER1|56=VENUEX|52=20260915-18:46:41.067|11=ORD48|55=XAUUSD|54=1|38=250000|40=2|44=1.07051|10=000
20260915-18:46:41.067 : 8=FIX.4.4|9=0|35=8|34=48|49=VENUEX|56=BROKER1|52=20260915-18:46:41.067|11=ORD48|39=0|150=0|17=EX48|10=000
20260915-18:46:41.168 : 8=FIX.4.4|9=0|35=D|34=49|49=BROKER1|56=VENUEX|52=20260915-18:46:41.168|11=ORD49|55=XAUUSD|54=1|38=100000|40=2|44=1.09023|10=000
20260915-18:46:41.168 : 8=FIX.4.4|9=0|35=8|34=49|49=VENUEX|56=BROKER1|52=20260915-18:46:41.168|11=ORD49|39=0|150=0|17=EX49|10=000
20260915-18:46:41.268 : 8=FIX.4.4|9=0|35=D|34=50|49=BROKER1|56=VENUEX|52=20260915-18:46:41.268|11=ORD50|55=EURUSD|54=1|38=100000|40=2|44=1.05658|10=000
20260915-18:46:41.268 : 8=FIX.4.4|9=0|35=8|34=50|49=VENUEX|56=BROKER1|52=20260915-18:46:41.268|11=ORD50|39=0|150=0|17=EX50|10=000
20260915-18:46:41.369 : 8=FIX.4.4|9=0|35=D|34=51|49=BROKER1|56=VENUEX|52=20260915-18:46:41.369|11=ORD51|55=XAUUSD|54=1|38=250000|40=2|44=1.09064|10=000
20260915-18:46:41.369 : 8=FIX.4.4|9=0|35=8|34=51|49=VENUEX|56=BROKER1|52=20260915-18:46:41.369|11=ORD51|39=0|150=0|17=EX51|10=000
20260915-18:46:41.369 : 8=FIX.4.4|9=0|35=0|34=52|49=BROKER1|56=VENUEX|52=20260915-18:46:41.369|10=000
20260915-18:46:41.369 : 8=FIX.4.4|9=0|35=0|34=52|49=VENUEX|56=BROKER1|52=20260915-18:46:41.369|10=000
20260915-18:46:41.470 : 8=FIX.4.4|9=0|35=D|34=53|49=BROKER1|56=VENUEX|52=20260915-18:46:41.470|11=ORD53|55=EURUSD|54=1|38=250000|40=2|44=1.07474|10=000
20260915-18:46:41.470 : 8=FIX.4.4|9=0|35=8|34=53|49=VENUEX|56=BROKER1|52=20260915-18:46:41.470|11=ORD53|39=0|150=0|17=EX53|10=000
20260915-18:46:41.570 : 8=FIX.4.4|9=0|35=D|34=54|49=BROKER1|56=VENUEX|52=20260915-18:46:41.570|11=ORD54|55=GBPUSD|54=2|38=250000|40=2|44=1.08833|10=000
20260915-18:46:41.570 : 8=FIX.4.4|9=0|35=8|34=54|49=VENUEX|56=BROKER1|52=20260915-18:46:41.570|11=ORD54|39=0|150=0|17=EX54|10=000
20260915-18:46:41.671 : 8=FIX.4.4|9=0|35=D|34=55|49=BROKER1|56=VENUEX|52=20260915-18:46:41.671|11=ORD55|55=GBPUSD|54=2|38=250000|40=2|44=1.07871|10=000
20260915-18:46:41.671 : 8=FIX.4.4|9=0|35=8|34=55|49=VENUEX|56=BROKER1|52=20260915-18:46:41.671|11=ORD55|39=0|150=0|17=EX55|10=000
20260915-18:46:41.771 : 8=FIX.4.4|9=0|35=D|34=56|49=BROKER1|56=VENUEX|52=20260915-18:46:41.771|11=ORD56|55=EURUSD|54=1|38=100000|40=2|44=1.09211|10=000
20260915-18:46:41.772 : 8=FIX.4.4|9=0|35=8|34=56|49=VENUEX|56=BROKER1|52=20260915-18:46:41.772|11=ORD56|39=0|150=0|17=EX56|10=000
20260915-18:46:41.872 : 8=FIX.4.4|9=0|35=D|34=57|49=BROKER1|56=VENUEX|52=20260915-18:46:41.872|11=ORD57|55=GBPUSD|54=2|38=250000|40=2|44=1.05377|10=000
20260915-18:46:41.872 : 8=FIX.4.4|9=0|35=8|34=57|49=VENUEX|56=BROKER1|52=20260915-18:46:41.872|11=ORD57|39=0|150=0|17=EX57|10=000
20260915-18:46:41.872 : 8=FIX.4.4|9=0|35=0|34=58|49=BROKER1|56=VENUEX|52=20260915-18:46:41.872|10=000
20260915-18:46:41.873 : 8=FIX.4.4|9=0|35=0|34=58|49=VENUEX|56=BROKER1|52=20260915-18:46:41.873|10=000
20260915-18:46:41.973 : 8=FIX.4.4|9=0|35=D|34=59|49=BROKER1|56=VENUEX|52=20260915-18:46:41.973|11=ORD59|55=GBPUSD|54=1|38=100000|40=2|44=1.09309|10=000
20260915-18:46:41.973 : 8=FIX.4.4|9=0|35=8|34=59|49=VENUEX|56=BROKER1|52=20260915-18:46:41.973|11=ORD59|39=0|150=0|17=EX59|10=000
20260915-18:46:42.074 : 8=FIX.4.4|9=0|35=D|34=60|49=BROKER1|56=VENUEX|52=20260915-18:46:42.073|11=ORD60|55=GBPUSD|54=1|38=250000|40=2|44=1.09584|10=000
20260915-18:46:42.074 : 8=FIX.4.4|9=0|35=8|34=60|49=VENUEX|56=BROKER1|52=20260915-18:46:42.074|11=ORD60|39=0|150=0|17=EX60|10=000
20260915-18:46:42.174 : 8=FIX.4.4|9=0|35=D|34=61|49=BROKER1|56=VENUEX|52=20260915-18:46:42.174|11=ORD61|55=XAUUSD|54=1|38=250000|40=2|44=1.08728|10=000
20260915-18:46:42.174 : 8=FIX.4.4|9=0|35=8|34=61|49=VENUEX|56=BROKER1|52=20260915-18:46:42.174|11=ORD61|39=0|150=0|17=EX61|10=000
20260915-18:46:42.275 : 8=FIX.4.4|9=0|35=D|34=62|49=BROKER1|56=VENUEX|52=20260915-18:46:42.275|11=ORD62|55=GBPUSD|54=2|38=100000|40=2|44=1.06622|10=000
20260915-18:46:42.275 : 8=FIX.4.4|9=0|35=8|34=62|49=VENUEX|56=BROKER1|52=20260915-18:46:42.275|11=ORD62|39=0|150=0|17=EX62|10=000
20260915-18:46:42.275 : 8=FIX.4.4|9=0|35=0|34=63|49=BROKER1|56=VENUEX|52=20260915-18:46:42.275|10=000
20260915-18:46:42.275 : 8=FIX.4.4|9=0|35=0|34=63|49=VENUEX|56=BROKER1|52=20260915-18:46:42.275|10=000
20260915-18:46:42.376 : 8=FIX.4.4|9=0|35=D|34=64|49=BROKER1|56=VENUEX|52=20260915-18:46:42.376|11=ORD64|55=XAUUSD|54=2|38=250000|40=2|44=1.09236|10=000
20260915-18:46:42.376 : 8=FIX.4.4|9=0|35=8|34=64|49=VENUEX|56=BROKER1|52=20260915-18:46:42.376|11=ORD64|39=0|150=0|17=EX64|10=000
20260915-18:46:42.476 : 8=FIX.4.4|9=0|35=D|34=65|49=BROKER1|56=VENUEX|52=20260915-18:46:42.476|11=ORD65|55=GBPUSD|54=1|38=250000|40=2|44=1.06583|10=000
20260915-18:46:42.476 : 8=FIX.4.4|9=0|35=8|34=65|49=VENUEX|56=BROKER1|52=20260915-18:46:42.476|11=ORD65|39=0|150=0|17=EX65|10=000
20260915-18:46:42.577 : 8=FIX.4.4|9=0|35=D|34=66|49=BROKER1|56=VENUEX|52=20260915-18:46:42.577|11=ORD66|55=GBPUSD|54=1|38=100000|40=2|44=1.07043|10=000
20260915-18:46:42.577 : 8=FIX.4.4|9=0|35=8|34=66|49=VENUEX|56=BROKER1|52=20260915-18:46:42.577|11=ORD66|39=0|150=0|17=EX66|10=000
20260915-18:46:42.678 : 8=FIX.4.4|9=0|35=D|34=67|49=BROKER1|56=VENUEX|52=20260915-18:46:42.678|11=ORD67|55=EURUSD|54=1|38=100000|40=2|44=1.09063|10=000
20260915-18:46:42.678 : 8=FIX.4.4|9=0|35=8|34=67|49=VENUEX|56=BROKER1|52=20260915-18:46:42.678|11=ORD67|39=0|150=0|17=EX67|10=000
20260915-18:46:42.678 : 8=FIX.4.4|9=0|35=8|34=74|49=VENUEX|56=BROKER1|52=20260915-18:46:42.678|11=ORDX|39=0|150=0|10=000
20260915-18:46:42.679 : 8=FIX.4.4|9=0|35=2|34=68|49=BROKER1|56=VENUEX|52=20260915-18:46:42.679|7=68|16=73|10=000
20260915-18:46:42.679 : 8=FIX.4.4|9=0|35=0|34=69|49=BROKER1|56=VENUEX|52=20260915-18:46:42.679|10=000
20260915-18:46:42.679 : 8=FIX.4.4|9=0|35=0|34=75|49=VENUEX|56=BROKER1|52=20260915-18:46:42.679|10=000
20260915-18:46:42.780 : 8=FIX.4.4|9=0|35=D|34=70|49=BROKER1|56=VENUEX|52=20260915-18:46:42.780|11=ORD70|55=GBPUSD|54=1|38=100000|40=2|44=1.0955|10=000
20260915-18:46:42.781 : 8=FIX.4.4|9=0|35=8|34=76|49=VENUEX|56=BROKER1|52=20260915-18:46:42.781|11=ORD70|39=0|150=0|17=EX76|10=000
20260915-18:46:42.781 : 8=FIX.4.4|9=0|35=0|34=71|49=BROKER1|56=VENUEX|52=20260915-18:46:42.781|10=000
20260915-18:46:42.781 : 8=FIX.4.4|9=0|35=0|34=77|49=VENUEX|56=BROKER1|52=20260915-18:46:42.781|10=000
20260915-18:46:42.881 : 8=FIX.4.4|9=0|35=D|34=72|49=BROKER1|56=VENUEX|52=20260915-18:46:42.881|11=ORD72|55=XAUUSD|54=1|38=250000|40=2|44=1.09697|10=000
20260915-18:46:42.882 : 8=FIX.4.4|9=0|35=8|34=78|49=VENUEX|56=BROKER1|52=20260915-18:46:42.882|11=ORD72|39=0|150=0|17=EX78|10=000
20260915-18:46:42.882 : 8=FIX.4.4|9=0|35=0|34=73|49=BROKER1|56=VENUEX|52=20260915-18:46:42.882|10=000
20260915-18:46:42.882 : 8=FIX.4.4|9=0|35=0|34=79|49=VENUEX|56=BROKER1|52=20260915-18:46:42.882|10=000
20260915-18:46:42.982 : 8=FIX.4.4|9=0|35=D|34=74|49=BROKER1|56=VENUEX|52=20260915-18:46:42.982|11=ORD74|55=XAUUSD|54=1|38=100000|40=2|44=1.07418|10=000
20260915-18:46:42.983 : 8=FIX.4.4|9=0|35=8|34=80|49=VENUEX|56=BROKER1|52=20260915-18:46:42.983|11=ORD74|39=0|150=0|17=EX80|10=000
20260915-18:46:43.083 : 8=FIX.4.4|9=0|35=D|34=75|49=BROKER1|56=VENUEX|52=20260915-18:46:43.083|11=ORD75|55=EURUSD|54=2|38=250000|40=2|44=1.05948|10=000
20260915-18:46:43.083 : 8=FIX.4.4|9=0|35=8|34=81|49=VENUEX|56=BROKER1|52=20260915-18:46:43.083|11=ORD75|39=0|150=0|17=EX81|10=000
20260915-18:46:43.083 : 8=FIX.4.4|9=0|35=0|34=76|49=BROKER1|56=VENUEX|52=20260915-18:46:43.083|10=000
20260915-18:46:43.083 : 8=FIX.4.4|9=0|35=0|34=82|49=VENUEX|56=BROKER1|52=20260915-18:46:43.083|10=000
20260915-18:46:43.184 : 8=FIX.4.4|9=0|35=D|34=77|49=BROKER1|56=VENUEX|52=20260915-18:46:43.184|11=ORD77|55=GBPUSD|54=1|38=250000|40=2|44=1.07327|10=000
20260915-18:46:43.184 : 8=FIX.4.4|9=0|35=8|34=83|49=VENUEX|56=BROKER1|52=20260915-18:46:43.184|11=ORD77|39=0|150=0|17=EX83|10=000
20260915-18:46:43.284 : 8=FIX.4.4|9=0|35=D|34=78|49=BROKER1|56=VENUEX|52=20260915-18:46:43.284|11=ORD78|55=EURUSD|54=2|38=250000|40=2|44=1.05552|10=000
20260915-18:46:43.285 : 8=FIX.4.4|9=0|35=8|34=84|49=VENUEX|56=BROKER1|52=20260915-18:46:43.285|11=ORD78|39=0|150=0|17=EX84|10=000
20260915-18:46:43.285 : 8=FIX.4.4|9=0|35=0|34=79|49=BROKER1|56=VENUEX|52=20260915-18:46:43.285|10=000
20260915-18:46:43.285 : 8=FIX.4.4|9=0|35=0|34=85|49=VENUEX|56=BROKER1|52=20260915-18:46:43.285|10=000
20260915-18:46:43.385 : 8=FIX.4.4|9=0|35=D|34=80|49=BROKER1|56=VENUEX|52=20260915-18:46:43.385|11=ORD80|55=GBPUSD|54=1|38=100000|40=2|44=1.09955|10=000
20260915-18:46:43.385 : 8=FIX.4.4|9=0|35=8|34=86|49=VENUEX|56=BROKER1|52=20260915-18:46:43.385|11=ORD80|39=0|150=0|17=EX86|10=000
20260915-18:46:43.386 : 8=FIX.4.4|9=0|35=0|34=81|49=BROKER1|56=VENUEX|52=20260915-18:46:43.386|10=000
20260915-18:46:43.386 : 8=FIX.4.4|9=0|35=0|34=87|49=VENUEX|56=BROKER1|52=20260915-18:46:43.386|10=000
20260915-18:46:43.486 : 8=FIX.4.4|9=0|35=D|34=82|49=BROKER1|56=VENUEX|52=20260915-18:46:43.486|11=ORD82|55=EURUSD|54=1|38=250000|40=2|44=1.05052|10=000
20260915-18:46:43.486 : 8=FIX.4.4|9=0|35=8|34=88|49=VENUEX|56=BROKER1|52=20260915-18:46:43.486|11=ORD82|39=0|150=0|17=EX88|10=000
20260915-18:46:43.587 : 8=FIX.4.4|9=0|35=D|34=83|49=BROKER1|56=VENUEX|52=20260915-18:46:43.587|11=ORD83|55=XAUUSD|54=2|38=250000|40=2|44=1.06794|10=000
20260915-18:46:43.587 : 8=FIX.4.4|9=0|35=8|34=89|49=VENUEX|56=BROKER1|52=20260915-18:46:43.587|11=ORD83|39=0|150=0|17=EX89|10=000
20260915-18:46:43.587 : 8=FIX.4.4|9=0|35=0|34=84|49=BROKER1|56=VENUEX|52=20260915-18:46:43.587|10=000
20260915-18:46:43.587 : 8=FIX.4.4|9=0|35=0|34=90|49=VENUEX|56=BROKER1|52=20260915-18:46:43.587|10=000
20260915-18:46:43.688 : 8=FIX.4.4|9=0|35=D|34=85|49=BROKER1|56=VENUEX|52=20260915-18:46:43.688|11=ORD85|55=GBPUSD|54=1|38=250000|40=2|44=1.06085|10=000
20260915-18:46:43.688 : 8=FIX.4.4|9=0|35=8|34=91|49=VENUEX|56=BROKER1|52=20260915-18:46:43.688|11=ORD85|39=0|150=0|17=EX91|10=000
20260915-18:46:43.688 : 8=FIX.4.4|9=0|35=0|34=86|49=BROKER1|56=VENUEX|52=20260915-18:46:43.688|10=000
20260915-18:46:43.688 : 8=FIX.4.4|9=0|35=0|34=92|49=VENUEX|56=BROKER1|52=20260915-18:46:43.688|10=000
20260915-18:46:43.789 : 8=FIX.4.4|9=0|35=D|34=87|49=BROKER1|56=VENUEX|52=20260915-18:46:43.789|11=ORD87|55=EURUSD|54=1|38=250000|40=2|44=1.08459|10=000
20260915-18:46:43.789 : 8=FIX.4.4|9=0|35=8|34=93|49=VENUEX|56=BROKER1|52=20260915-18:46:43.789|11=ORD87|39=0|150=0|17=EX93|10=000
20260915-18:46:43.889 : 8=FIX.4.4|9=0|35=D|34=88|49=BROKER1|56=VENUEX|52=20260915-18:46:43.889|11=ORD88|55=GBPUSD|54=1|38=250000|40=2|44=1.06471|10=000
20260915-18:46:43.889 : 8=FIX.4.4|9=0|35=8|34=94|49=VENUEX|56=BROKER1|52=20260915-18:46:43.889|11=ORD88|39=0|150=0|17=EX94|10=000
20260915-18:46:43.990 : 8=FIX.4.4|9=0|35=D|34=89|49=BROKER1|56=VENUEX|52=20260915-18:46:43.990|11=ORD89|55=EURUSD|54=2|38=100000|40=2|44=1.06457|10=000
20260915-18:46:43.990 : 8=FIX.4.4|9=0|35=8|34=95|49=VENUEX|56=BROKER1|52=20260915-18:46:43.990|11=ORD89|39=0|150=0|17=EX95|10=000
20260915-18:46:44.090 : 8=FIX.4.4|9=0|35=D|34=90|49=BROKER1|56=VENUEX|52=20260915-18:46:44.090|11=ORD90|55=GBPUSD|54=2|38=100000|40=2|44=1.09961|10=000
20260915-18:46:44.091 : 8=FIX.4.4|9=0|35=8|34=96|49=VENUEX|56=BROKER1|52=20260915-18:46:44.091|11=ORD90|39=0|150=0|17=EX96|10=000
20260915-18:46:44.091 : 8=FIX.4.4|9=0|35=0|34=91|49=BROKER1|56=VENUEX|52=20260915-18:46:44.091|10=000
20260915-18:46:44.091 : 8=FIX.4.4|9=0|35=0|34=97|49=VENUEX|56=BROKER1|52=20260915-18:46:44.091|10=000
20260915-18:46:44.191 : 8=FIX.4.4|9=0|35=D|34=92|49=BROKER1|56=VENUEX|52=20260915-18:46:44.191|11=ORD92|55=GBPUSD|54=1|38=100000|40=2|44=1.06096|10=000
20260915-18:46:44.192 : 8=FIX.4.4|9=0|35=8|34=98|49=VENUEX|56=BROKER1|52=20260915-18:46:44.192|11=ORD92|39=0|150=0|17=EX98|10=000
20260915-18:46:44.192 : 8=FIX.4.4|9=0|35=0|34=93|49=BROKER1|56=VENUEX|52=20260915-18:46:44.192|10=000
20260915-18:46:44.192 : 8=FIX.4.4|9=0|35=0|34=99|49=VENUEX|56=BROKER1|52=20260915-18:46:44.192|10=000
20260915-18:46:44.292 : 8=FIX.4.4|9=0|35=D|34=94|49=BROKER1|56=VENUEX|52=20260915-18:46:44.292|11=ORD94|55=EURUSD|54=1|38=250000|40=2|44=1.08751|10=000
20260915-18:46:44.293 : 8=FIX.4.4|9=0|35=8|34=100|49=VENUEX|56=BROKER1|52=20260915-18:46:44.292|11=ORD94|39=0|150=0|17=EX100|10=000
20260915-18:46:44.393 : 8=FIX.4.4|9=0|35=D|34=95|49=BROKER1|56=VENUEX|52=20260915-18:46:44.393|11=ORD95|55=XAUUSD|54=1|38=100000|40=2|44=1.07514|10=000
20260915-18:46:44.393 : 8=FIX.4.4|9=0|35=8|34=101|49=VENUEX|56=BROKER1|52=20260915-18:46:44.393|11=ORD95|39=0|150=0|17=EX101|10=000
20260915-18:46:44.493 : 8=FIX.4.4|9=0|35=D|34=96|49=BROKER1|56=VENUEX|52=20260915-18:46:44.493|11=ORD96|55=XAUUSD|54=1|38=250000|40=2|44=1.07823|10=000
20260915-18:46:44.494 : 8=FIX.4.4|9=0|35=8|34=102|49=VENUEX|56=BROKER1|52=20260915-18:46:44.494|11=ORD96|39=0|150=0|17=EX102|10=000
20260915-18:46:44.594 : 8=FIX.4.4|9=0|35=D|34=97|49=BROKER1|56=VENUEX|52=20260915-18:46:44.594|11=ORD97|55=GBPUSD|54=1|38=100000|40=2|44=1.09732|10=000
20260915-18:46:44.594 : 8=FIX.4.4|9=0|35=8|34=103|49=VENUEX|56=BROKER1|52=20260915-18:46:44.594|11=ORD97|39=0|150=0|17=EX103|10=000
20260915-18:46:44.695 : 8=FIX.4.4|9=0|35=D|34=98|49=BROKER1|56=VENUEX|52=20260915-18:46:44.695|11=ORD98|55=EURUSD|54=2|38=100000|40=2|44=1.07178|10=000
20260915-18:46:44.695 : 8=FIX.4.4|9=0|35=8|34=104|49=VENUEX|56=BROKER1|52=20260915-18:46:44.695|11=ORD98|39=0|150=0|17=EX104|10=000
20260915-18:46:44.795 : 8=FIX.4.4|9=0|35=D|34=99|49=BROKER1|56=VENUEX|52=20260915-18:46:44.795|11=ORD99|55=XAUUSD|54=1|38=100000|40=2|44=1.05055|10=000
20260915-18:46:44.796 : 8=FIX.4.4|9=0|35=8|34=105|49=VENUEX|56=BROKER1|52=20260915-18:46:44.796|11=ORD99|39=0|150=0|17=EX105|10=000
20260915-18:46:44.796 : 8=FIX.4.4|9=0|35=0|34=100|49=BROKER1|56=VENUEX|52=20260915-18:46:44.796|10=000
20260915-18:46:44.796 : 8=FIX.4.4|9=0|35=0|34=106|49=VENUEX|56=BROKER1|52=20260915-18:46:44.796|10=000
20260915-18:46:44.896 : 8=FIX.4.4|9=0|35=D|34=101|49=BROKER1|56=VENUEX|52=20260915-18:46:44.896|11=ORD101|55=EURUSD|54=1|38=100000|40=2|44=1.09805|10=000
20260915-18:46:44.897 : 8=FIX.4.4|9=0|35=8|34=107|49=VENUEX|56=BROKER1|52=20260915-18:46:44.897|11=ORD101|39=0|150=0|17=EX107|10=000
20260915-18:46:44.997 : 8=FIX.4.4|9=0|35=D|34=102|49=BROKER1|56=VENUEX|52=20260915-18:46:44.997|11=ORD102|55=GBPUSD|54=1|38=100000|40=2|44=1.09309|10=000
20260915-18:46:44.997 : 8=FIX.4.4|9=0|35=8|34=108|49=VENUEX|56=BROKER1|52=20260915-18:46:44.997|11=ORD102|39=0|150=0|17=EX108|10=000
20260915-18:46:44.997 : 8=FIX.4.4|9=0|35=0|34=103|49=BROKER1|56=VENUEX|52=20260915-18:46:44.997|10=000
20260915-18:46:44.998 : 8=FIX.4.4|9=0|35=0|34=109|49=VENUEX|56=BROKER1|52=20260915-18:46:44.998|10=000
20260915-18:46:45.098 : 8=FIX.4.4|9=0|35=D|34=104|49=BROKER1|56=VENUEX|52=20260915-18:46:45.098|11=ORD104|55=EURUSD|54=1|38=250000|40=2|44=1.08577|10=000
20260915-18:46:45.098 : 8=FIX.4.4|9=0|35=8|34=110|49=VENUEX|56=BROKER1|52=20260915-18:46:45.098|11=ORD104|39=0|150=0|17=EX110|10=000
20260915-18:46:45.098 : 8=FIX.4.4|9=0|35=0|34=105|49=BROKER1|56=VENUEX|52=20260915-18:46:45.098|10=000
20260915-18:46:45.099 : 8=FIX.4.4|9=0|35=0|34=111|49=VENUEX|56=BROKER1|52=20260915-18:46:45.099|10=000
20260915-18:46:45.199 : 8=FIX.4.4|9=0|35=D|34=106|49=BROKER1|56=VENUEX|52=20260915-18:46:45.199|11=ORD106|55=EURUSD|54=1|38=100000|40=2|44=1.08376|10=000
20260915-18:46:45.199 : 8=FIX.4.4|9=0|35=8|34=112|49=VENUEX|56=BROKER1|52=20260915-18:46:45.199|11=ORD106|39=0|150=0|17=EX112|10=000
20260915-18:46:45.300 : 8=FIX.4.4|9=0|35=D|34=107|49=BROKER1|56=VENUEX|52=20260915-18:46:45.300|11=ORD107|55=GBPUSD|54=1|38=250000|40=2|44=1.05849|10=000
20260915-18:46:45.300 : 8=FIX.4.4|9=0|35=8|34=113|49=VENUEX|56=BROKER1|52=20260915-18:46:45.300|11=ORD107|39=0|150=0|17=EX113|10=000
20260915-18:46:45.401 : 8=FIX.4.4|9=0|35=D|34=108|49=BROKER1|56=VENUEX|52=20260915-18:46:45.401|11=ORD108|55=XAUUSD|54=2|38=250000|40=2|44=1.08147|10=000
20260915-18:46:45.401 : 8=FIX.4.4|9=0|35=8|34=114|49=VENUEX|56=BROKER1|52=20260915-18:46:45.401|11=ORD108|39=0|150=0|17=EX114|10=000
20260915-18:46:45.502 : 8=FIX.4.4|9=0|35=D|34=109|49=BROKER1|56=VENUEX|52=20260915-18:46:45.502|11=ORD109|55=GBPUSD|54=2|38=100000|40=2|44=1.05269|10=000
20260915-18:46:45.502 : 8=FIX.4.4|9=0|35=8|34=115|49=VENUEX|56=BROKER1|52=20260915-18:46:45.502|11=ORD109|39=0|150=0|17=EX115|10=000
20260915-18:46:45.602 : 8=FIX.4.4|9=0|35=D|34=110|49=BROKER1|56=VENUEX|52=20260915-18:46:45.602|11=ORD110|55=EURUSD|54=1|38=100000|40=2|44=1.09864|10=000
20260915-18:46:45.602 : 8=FIX.4.4|9=0|35=8|34=116|49=VENUEX|56=BROKER1|52=20260915-18:46:45.602|11=ORD110|39=0|150=0|17=EX116|10=000
20260915-18:46:45.703 : 8=FIX.4.4|9=0|35=D|34=111|49=BROKER1|56=VENUEX|52=20260915-18:46:45.703|11=ORD111|55=EURUSD|54=1|38=100000|40=2|44=1.09132|10=000
20260915-18:46:45.703 : 8=FIX.4.4|9=0|35=8|34=117|49=VENUEX|56=BROKER1|52=20260915-18:46:45.703|11=ORD111|39=0|150=0|17=EX117|10=000
20260915-18:46:45.803 : 8=FIX.4.4|9=0|35=D|34=112|49=BROKER1|56=VENUEX|52=20260915-18:46:45.803|11=ORD112|55=GBPUSD|54=1|38=100000|40=2|44=1.06744|10=000
20260915-18:46:45.804 : 8=FIX.4.4|9=0|35=8|34=118|49=VENUEX|56=BROKER1|52=20260915-18:46:45.804|11=ORD112|39=0|150=0|17=EX118|10=000
20260915-18:46:45.904 : 8=FIX.4.4|9=0|35=D|34=113|49=BROKER1|56=VENUEX|52=20260915-18:46:45.904|11=ORD113|55=XAUUSD|54=2|38=250000|40=2|44=1.06707|10=000
20260915-18:46:45.904 : 8=FIX.4.4|9=0|35=8|34=119|49=VENUEX|56=BROKER1|52=20260915-18:46:45.904|11=ORD113|39=0|150=0|17=EX119|10=000
20260915-18:46:46.005 : 8=FIX.4.4|9=0|35=D|34=114|49=BROKER1|56=VENUEX|52=20260915-18:46:46.005|11=ORD114|55=GBPUSD|54=1|38=100000|40=2|44=1.05486|10=000
20260915-18:46:46.005 : 8=FIX.4.4|9=0|35=8|34=120|49=VENUEX|56=BROKER1|52=20260915-18:46:46.005|11=ORD114|39=0|150=0|17=EX120|10=000
20260915-18:46:46.105 : 8=FIX.4.4|9=0|35=D|34=115|49=BROKER1|56=VENUEX|52=20260915-18:46:46.105|11=ORD115|55=GBPUSD|54=2|38=250000|40=2|44=1.06257|10=000
20260915-18:46:46.106 : 8=FIX.4.4|9=0|35=8|34=121|49=VENUEX|56=BROKER1|52=20260915-18:46:46.106|11=ORD115|39=0|150=0|17=EX121|10=000
20260915-18:46:46.206 : 8=FIX.4.4|9=0|35=D|34=116|49=BROKER1|56=VENUEX|52=20260915-18:46:46.206|11=ORD116|55=EURUSD|54=1|38=100000|40=2|44=1.09652|10=000
20260915-18:46:46.206 : 8=FIX.4.4|9=0|35=8|34=122|49=VENUEX|56=BROKER1|52=20260915-18:46:46.206|11=ORD116|39=0|150=0|17=EX122|10=000
20260915-18:46:46.307 : 8=FIX.4.4|9=0|35=D|34=117|49=BROKER1|56=VENUEX|52=20260915-18:46:46.307|11=ORD117|55=EURUSD|54=1|38=100000|40=2|44=1.09829|10=000
20260915-18:46:46.307 : 8=FIX.4.4|9=0|35=8|34=123|49=VENUEX|56=BROKER1|52=20260915-18:46:46.307|11=ORD117|39=0|150=0|17=EX123|10=000
20260915-18:46:46.307 : 8=FIX.4.4|9=0|35=0|34=118|49=BROKER1|56=VENUEX|52=20260915-18:46:46.307|10=000
20260915-18:46:46.307 : 8=FIX.4.4|9=0|35=0|34=124|49=VENUEX|56=BROKER1|52=20260915-18:46:46.307|10=000
20260915-18:46:46.408 : 8=FIX.4.4|9=0|35=D|34=119|49=BROKER1|56=VENUEX|52=20260915-18:46:46.408|11=ORD119|55=EURUSD|54=1|38=250000|40=2|44=1.05491|10=000
20260915-18:46:46.408 : 8=FIX.4.4|9=0|35=8|34=125|49=VENUEX|56=BROKER1|52=20260915-18:46:46.408|11=ORD119|39=0|150=0|17=EX125|10=000
20260915-18:46:46.408 : 8=FIX.4.4|9=0|35=0|34=120|49=BROKER1|56=VENUEX|52=20260915-18:46:46.408|10=000
20260915-18:46:46.408 : 8=FIX.4.4|9=0|35=0|34=126|49=VENUEX|56=BROKER1|52=20260915-18:46:46.408|10=000
20260915-18:46:46.508 : 8=FIX.4.4|9=0|35=D|34=121|49=BROKER1|56=VENUEX|52=20260915-18:46:46.508|11=ORD121|55=XAUUSD|54=1|38=100000|40=2|44=1.07672|10=000
20260915-18:46:46.509 : 8=FIX.4.4|9=0|35=8|34=127|49=VENUEX|56=BROKER1|52=20260915-18:46:46.509|11=ORD121|39=0|150=0|17=EX127|10=000
20260915-18:46:46.509 : 8=FIX.4.4|9=0|35=0|34=122|49=BROKER1|56=VENUEX|52=20260915-18:46:46.509|10=000
20260915-18:46:46.509 : 8=FIX.4.4|9=0|35=0|34=128|49=VENUEX|56=BROKER1|52=20260915-18:46:46.509|10=000
20260915-18:46:46.609 : 8=FIX.4.4|9=0|35=D|34=123|49=BROKER1|56=VENUEX|52=20260915-18:46:46.609|11=ORD123|55=XAUUSD|54=1|38=100000|40=2|44=1.05088|10=000
20260915-18:46:46.610 : 8=FIX.4.4|9=0|35=8|34=129|49=VENUEX|56=BROKER1|52=20260915-18:46:46.610|11=ORD123|39=0|150=0|17=EX129|10=000
20260915-18:46:46.610 : 8=FIX.4.4|9=0|35=0|34=124|49=BROKER1|56=VENUEX|52=20260915-18:46:46.610|10=000
20260915-18:46:46.610 : 8=FIX.4.4|9=0|35=0|34=130|49=VENUEX|56=BROKER1|52=20260915-18:46:46.610|10=000
20260915-18:46:46.710 : 8=FIX.4.4|9=0|35=D|34=125|49=BROKER1|56=VENUEX|52=20260915-18:46:46.710|11=ORD125|55=XAUUSD|54=2|38=100000|40=2|44=1.0734|10=000
20260915-18:46:46.710 : 8=FIX.4.4|9=0|35=8|34=131|49=VENUEX|56=BROKER1|52=20260915-18:46:46.710|11=ORD125|39=0|150=0|17=EX131|10=000
20260915-18:46:46.711 : 8=FIX.4.4|9=0|35=3|34=132|49=VENUEX|56=BROKER1|52=20260915-18:46:46.711|45=125|371=40|373=1|58=Required tag missing|10=000
20260915-18:46:46.811 : 8=FIX.4.4|9=0|35=D|34=126|49=BROKER1|56=VENUEX|52=20260915-18:46:46.811|11=ORD126|55=EURUSD|54=1|38=250000|40=2|44=1.05064|10=000
20260915-18:46:46.811 : 8=FIX.4.4|9=0|35=8|34=133|49=VENUEX|56=BROKER1|52=20260915-18:46:46.811|11=ORD126|39=0|150=0|17=EX133|10=000
20260915-18:46:46.912 : 8=FIX.4.4|9=0|35=D|34=127|49=BROKER1|56=VENUEX|52=20260915-18:46:46.912|11=ORD127|55=GBPUSD|54=2|38=250000|40=2|44=1.05494|10=000
20260915-18:46:46.912 : 8=FIX.4.4|9=0|35=8|34=134|49=VENUEX|56=BROKER1|52=20260915-18:46:46.912|11=ORD127|39=0|150=0|17=EX134|10=000
20260915-18:46:46.912 : 8=FIX.4.4|9=0|35=0|34=128|49=BROKER1|56=VENUEX|52=20260915-18:46:46.912|10=000
20260915-18:46:46.912 : 8=FIX.4.4|9=0|35=0|34=135|49=VENUEX|56=BROKER1|52=20260915-18:46:46.912|10=000
20260915-18:46:47.013 : 8=FIX.4.4|9=0|35=D|34=129|49=BROKER1|56=VENUEX|52=20260915-18:46:47.013|11=ORD129|55=EURUSD|54=2|38=100000|40=2|44=1.0875|10=000
20260915-18:46:47.013 : 8=FIX.4.4|9=0|35=8|34=136|49=VENUEX|56=BROKER1|52=20260915-18:46:47.013|11=ORD129|39=0|150=0|17=EX136|10=000
20260915-18:46:47.113 : 8=FIX.4.4|9=0|35=D|34=130|49=BROKER1|56=VENUEX|52=20260915-18:46:47.113|11=ORD130|55=GBPUSD|54=1|38=250000|40=2|44=1.06418|10=000
20260915-18:46:47.113 : 8=FIX.4.4|9=0|35=8|34=137|49=VENUEX|56=BROKER1|52=20260915-18:46:47.113|11=ORD130|39=0|150=0|17=EX137|10=000
20260915-18:46:47.214 : 8=FIX.4.4|9=0|35=D|34=131|49=BROKER1|56=VENUEX|52=20260915-18:46:47.214|11=ORD131|55=EURUSD|54=1|38=100000|40=2|44=1.08173|10=000
20260915-18:46:47.214 : 8=FIX.4.4|9=0|35=8|34=138|49=VENUEX|56=BROKER1|52=20260915-18:46:47.214|11=ORD131|39=0|150=0|17=EX138|10=000
20260915-18:46:47.314 : 8=FIX.4.4|9=0|35=D|34=132|49=BROKER1|56=VENUEX|52=20260915-18:46:47.314|11=ORD132|55=GBPUSD|54=1|38=100000|40=2|44=1.09259|10=000
20260915-18:46:47.315 : 8=FIX.4.4|9=0|35=8|34=139|49=VENUEX|56=BROKER1|52=20260915-18:46:47.315|11=ORD132|39=0|150=0|17=EX139|10=000
20260915-18:46:47.315 : 8=FIX.4.4|9=0|35=0|34=133|49=BROKER1|56=VENUEX|52=20260915-18:46:47.315|10=000
20260915-18:46:47.315 : 8=FIX.4.4|9=0|35=0|34=140|49=VENUEX|56=BROKER1|52=20260915-18:46:47.315|10=000
20260915-18:46:47.416 : 8=FIX.4.4|9=0|35=D|34=134|49=BROKER1|56=VENUEX|52=20260915-18:46:47.416|11=ORD134|55=EURUSD|54=2|38=250000|40=2|44=1.07963|10=000
20260915-18:46:47.416 : 8=FIX.4.4|9=0|35=8|34=141|49=VENUEX|56=BROKER1|52=20260915-18:46:47.416|11=ORD134|39=0|150=0|17=EX141|10=000
20260915-18:46:47.516 : 8=FIX.4.4|9=0|35=D|34=135|49=BROKER1|56=VENUEX|52=20260915-18:46:47.516|11=ORD135|55=GBPUSD|54=2|38=100000|40=2|44=1.07229|10=000
20260915-18:46:47.517 : 8=FIX.4.4|9=0|35=8|34=142|49=VENUEX|56=BROKER1|52=20260915-18:46:47.517|11=ORD135|39=0|150=0|17=EX142|10=000
20260915-18:46:47.517 : 8=FIX.4.4|9=0|35=0|34=136|49=BROKER1|56=VENUEX|52=20260915-18:46:47.517|10=000
20260915-18:46:47.517 : 8=FIX.4.4|9=0|35=0|34=143|49=VENUEX|56=BROKER1|52=20260915-18:46:47.517|10=000
20260915-18:46:47.617 : 8=FIX.4.4|9=0|35=D|34=137|49=BROKER1|56=VENUEX|52=20260915-18:46:47.617|11=ORD137|55=XAUUSD|54=2|38=250000|40=2|44=1.07488|10=000
20260915-18:46:47.618 : 8=FIX.4.4|9=0|35=8|34=144|49=VENUEX|56=BROKER1|52=20260915-18:46:47.618|11=ORD137|39=0|150=0|17=EX144|10=000
20260915-18:46:47.718 : 8=FIX.4.4|9=0|35=D|34=138|49=BROKER1|56=VENUEX|52=20260915-18:46:47.718|11=ORD138|55=XAUUSD|54=2|38=100000|40=2|44=1.09983|10=000
20260915-18:46:47.718 : 8=FIX.4.4|9=0|35=8|34=145|49=VENUEX|56=BROKER1|52=20260915-18:46:47.718|11=ORD138|39=0|150=0|17=EX145|10=000
20260915-18:46:47.819 : 8=FIX.4.4|9=0|35=D|34=139|49=BROKER1|56=VENUEX|52=20260915-18:46:47.819|11=ORD139|55=EURUSD|54=1|38=250000|40=2|44=1.07862|10=000
20260915-18:46:47.819 : 8=FIX.4.4|9=0|35=8|34=146|49=VENUEX|56=BROKER1|52=20260915-18:46:47.819|11=ORD139|39=0|150=0|17=EX146|10=000
20260915-18:46:47.819 : 8=FIX.4.4|9=0|35=0|34=140|49=BROKER1|56=VENUEX|52=20260915-18:46:47.819|10=000
20260915-18:46:47.820 : 8=FIX.4.4|9=0|35=0|34=147|49=VENUEX|56=BROKER1|52=20260915-18:46:47.820|10=000
20260915-18:46:47.920 : 8=FIX.4.4|9=0|35=D|34=141|49=BROKER1|56=VENUEX|52=20260915-18:46:47.920|11=ORD141|55=XAUUSD|54=1|38=250000|40=2|44=1.06899|10=000
20260915-18:46:47.920 : 8=FIX.4.4|9=0|35=8|34=148|49=VENUEX|56=BROKER1|52=20260915-18:46:47.920|11=ORD141|39=0|150=0|17=EX148|10=000
20260915-18:46:47.921 : 8=FIX.4.4|9=0|35=0|34=142|49=BROKER1|56=VENUEX|52=20260915-18:46:47.920|10=000
20260915-18:46:47.921 : 8=FIX.4.4|9=0|35=0|34=149|49=VENUEX|56=BROKER1|52=20260915-18:46:47.921|10=000
20260915-18:46:48.021 : 8=FIX.4.4|9=0|35=D|34=143|49=BROKER1|56=VENUEX|52=20260915-18:46:48.021|11=ORD143|55=EURUSD|54=2|38=100000|40=2|44=1.08076|10=000
20260915-18:46:48.021 : 8=FIX.4.4|9=0|35=8|34=150|49=VENUEX|56=BROKER1|52=20260915-18:46:48.021|11=ORD143|39=0|150=0|17=EX150|10=000
20260915-18:46:48.122 : 8=FIX.4.4|9=0|35=D|34=144|49=BROKER1|56=VENUEX|52=20260915-18:46:48.122|11=ORD144|55=GBPUSD|54=2|38=100000|40=2|44=1.0793|10=000
20260915-18:46:48.122 : 8=FIX.4.4|9=0|35=8|34=151|49=VENUEX|56=BROKER1|52=20260915-18:46:48.122|11=ORD144|39=0|150=0|17=EX151|10=000
20260915-18:46:48.222 : 8=FIX.4.4|9=0|35=D|34=145|49=BROKER1|56=VENUEX|52=20260915-18:46:48.222|11=ORD145|55=GBPUSD|54=1|38=250000|40=2|44=1.07956|10=000
20260915-18:46:48.223 : 8=FIX.4.4|9=0|35=8|34=152|49=VENUEX|56=BROKER1|52=20260915-18:46:48.223|11=ORD145|39=0|150=0|17=EX152|10=000
20260915-18:46:48.223 : 8=FIX.4.4|9=0|35=0|34=146|49=BROKER1|56=VENUEX|52=20260915-18:46:48.223|10=000
20260915-18:46:48.223 : 8=FIX.4.4|9=0|35=0|34=153|49=VENUEX|56=BROKER1|52=20260915-18:46:48.223|10=000
20260915-18:46:48.323 : 8=FIX.4.4|9=0|35=D|34=147|49=BROKER1|56=VENUEX|52=20260915-18:46:48.323|11=ORD147|55=EURUSD|54=1|38=100000|40=2|44=1.09657|10=000
20260915-18:46:48.324 : 8=FIX.4.4|9=0|35=8|34=154|49=VENUEX|56=BROKER1|52=20260915-18:46:48.324|11=ORD147|39=0|150=0|17=EX154|10=000
20260915-18:46:48.424 : 8=FIX.4.4|9=0|35=D|34=148|49=BROKER1|56=VENUEX|52=20260915-18:46:48.424|11=ORD148|55=XAUUSD|54=1|38=100000|40=2|44=1.07198|10=000
20260915-18:46:48.424 : 8=FIX.4.4|9=0|35=8|34=155|49=VENUEX|56=BROKER1|52=20260915-18:46:48.424|11=ORD148|39=0|150=0|17=EX155|10=000
20260915-18:46:48.424 : 8=FIX.4.4|9=0|35=0|34=149|49=BROKER1|56=VENUEX|52=20260915-18:46:48.424|10=000
20260915-18:46:48.425 : 8=FIX.4.4|9=0|35=0|34=156|49=VENUEX|56=BROKER1|52=20260915-18:46:48.425|10=000
20260915-18:46:48.525 : 8=FIX.4.4|9=0|35=D|34=150|49=BROKER1|56=VENUEX|52=20260915-18:46:48.525|11=ORD150|55=EURUSD|54=1|38=250000|40=2|44=1.08672|10=000
20260915-18:46:48.525 : 8=FIX.4.4|9=0|35=8|34=157|49=VENUEX|56=BROKER1|52=20260915-18:46:48.525|11=ORD150|39=0|150=0|17=EX157|10=000
20260915-18:46:48.626 : 8=FIX.4.4|9=0|35=D|34=151|49=BROKER1|56=VENUEX|52=20260915-18:46:48.626|11=ORD151|55=XAUUSD|54=2|38=250000|40=2|44=1.05317|10=000
20260915-18:46:48.626 : 8=FIX.4.4|9=0|35=8|34=158|49=VENUEX|56=BROKER1|52=20260915-18:46:48.626|11=ORD151|39=0|150=0|17=EX158|10=000
20260915-18:46:48.726 : 8=FIX.4.4|9=0|35=D|34=152|49=BROKER1|56=VENUEX|52=20260915-18:46:48.726|11=ORD152|55=XAUUSD|54=1|38=250000|40=2|44=1.06147|10=000
20260915-18:46:48.727 : 8=FIX.4.4|9=0|35=8|34=159|49=VENUEX|56=BROKER1|52=20260915-18:46:48.727|11=ORD152|39=0|150=0|17=EX159|10=000
20260915-18:46:48.827 : 8=FIX.4.4|9=0|35=D|34=153|49=BROKER1|56=VENUEX|52=20260915-18:46:48.827|11=ORD153|55=EURUSD|54=1|38=250000|40=2|44=1.08515|10=000
20260915-18:46:48.827 : 8=FIX.4.4|9=0|35=8|34=160|49=VENUEX|56=BROKER1|52=20260915-18:46:48.827|11=ORD153|39=0|150=0|17=EX160|10=000
20260915-18:46:48.827 : 8=FIX.4.4|9=0|35=0|34=154|49=BROKER1|56=VENUEX|52=20260915-18:46:48.827|10=000
20260915-18:46:48.827 : 8=FIX.4.4|9=0|35=0|34=161|49=VENUEX|56=BROKER1|52=20260915-18:46:48.827|10=000
20260915-18:46:48.928 : 8=FIX.4.4|9=0|35=D|34=155|49=BROKER1|56=VENUEX|52=20260915-18:46:48.928|11=ORD155|55=EURUSD|54=2|38=250000|40=2|44=1.06431|10=000
20260915-18:46:48.928 : 8=FIX.4.4|9=0|35=8|34=162|49=VENUEX|56=BROKER1|52=20260915-18:46:48.928|11=ORD155|39=0|150=0|17=EX162|10=000
20260915-18:46:49.029 : 8=FIX.4.4|9=0|35=D|34=156|49=BROKER1|56=VENUEX|52=20260915-18:46:49.029|11=ORD156|55=EURUSD|54=1|38=100000|40=2|44=1.0553|10=000
20260915-18:46:49.031 : 8=FIX.4.4|9=0|35=8|34=163|49=VENUEX|56=BROKER1|52=20260915-18:46:49.031|11=ORD156|39=0|150=0|17=EX163|10=000
20260915-18:46:49.132 : 8=FIX.4.4|9=0|35=D|34=157|49=BROKER1|56=VENUEX|52=20260915-18:46:49.132|11=ORD157|55=EURUSD|54=1|38=100000|40=2|44=1.05195|10=000
20260915-18:46:49.132 : 8=FIX.4.4|9=0|35=8|34=164|49=VENUEX|56=BROKER1|52=20260915-18:46:49.132|11=ORD157|39=0|150=0|17=EX164|10=000
20260915-18:46:49.232 : 8=FIX.4.4|9=0|35=D|34=158|49=BROKER1|56=VENUEX|52=20260915-18:46:49.232|11=ORD158|55=GBPUSD|54=2|38=100000|40=2|44=1.05988|10=000
20260915-18:46:49.233 : 8=FIX.4.4|9=0|35=8|34=165|49=VENUEX|56=BROKER1|52=20260915-18:46:49.233|11=ORD158|39=0|150=0|17=EX165|10=000
20260915-18:46:49.333 : 8=FIX.4.4|9=0|35=D|34=159|49=BROKER1|56=VENUEX|52=20260915-18:46:49.333|11=ORD159|55=XAUUSD|54=2|38=250000|40=2|44=1.05647|10=000
20260915-18:46:49.333 : 8=FIX.4.4|9=0|35=8|34=166|49=VENUEX|56=BROKER1|52=20260915-18:46:49.333|11=ORD159|39=0|150=0|17=EX166|10=000
20260915-18:46:49.434 : 8=FIX.4.4|9=0|35=D|34=160|49=BROKER1|56=VENUEX|52=20260915-18:46:49.434|11=ORD160|55=EURUSD|54=1|38=250000|40=2|44=1.09|10=000
20260915-18:46:49.434 : 8=FIX.4.4|9=0|35=8|34=167|49=VENUEX|56=BROKER1|52=20260915-18:46:49.434|11=ORD160|39=0|150=0|17=EX167|10=000
20260915-18:46:49.534 : 8=FIX.4.4|9=0|35=D|34=161|49=BROKER1|56=VENUEX|52=20260915-18:46:49.534|11=ORD161|55=EURUSD|54=1|38=100000|40=2|44=1.0812|10=000
20260915-18:46:49.535 : 8=FIX.4.4|9=0|35=8|34=168|49=VENUEX|56=BROKER1|52=20260915-18:46:49.535|11=ORD161|39=0|150=0|17=EX168|10=000
20260915-18:46:49.635 : 8=FIX.4.4|9=0|35=D|34=162|49=BROKER1|56=VENUEX|52=20260915-18:46:49.635|11=ORD162|55=GBPUSD|54=1|38=250000|40=2|44=1.09615|10=000
20260915-18:46:49.635 : 8=FIX.4.4|9=0|35=8|34=169|49=VENUEX|56=BROKER1|52=20260915-18:46:49.635|11=ORD162|39=0|150=0|17=EX169|10=000
20260915-18:46:49.736 : 8=FIX.4.4|9=0|35=D|34=163|49=BROKER1|56=VENUEX|52=20260915-18:46:49.736|11=ORD163|55=EURUSD|54=2|38=250000|40=2|44=1.058|10=000
20260915-18:46:49.736 : 8=FIX.4.4|9=0|35=8|34=170|49=VENUEX|56=BROKER1|52=20260915-18:46:49.736|11=ORD163|39=0|150=0|17=EX170|10=000
20260915-18:46:49.736 : 8=FIX.4.4|9=0|35=8|34=171|49=VENUEX|56=BROKER1|52=20260915-18:46:49.736|11=ORD163|39=8|150=8|103=3|58=Instrument not tradable at this time|10=000
20260915-18:46:49.737 : 8=FIX.4.4|9=0|35=j|34=172|49=VENUEX|56=BROKER1|52=20260915-18:46:49.737|45=163|380=2|58=Unknown security|10=000
20260915-18:46:49.837 : 8=FIX.4.4|9=0|35=D|34=164|49=BROKER1|56=VENUEX|52=20260915-18:46:49.837|11=ORD164|55=EURUSD|54=2|38=100000|40=2|44=1.09594|10=000
20260915-18:46:49.837 : 8=FIX.4.4|9=0|35=8|34=173|49=VENUEX|56=BROKER1|52=20260915-18:46:49.837|11=ORD164|39=0|150=0|17=EX173|10=000
20260915-18:46:49.938 : 8=FIX.4.4|9=0|35=D|34=165|49=BROKER1|56=VENUEX|52=20260915-18:46:49.938|11=ORD165|55=GBPUSD|54=1|38=250000|40=2|44=1.05111|10=000
20260915-18:46:49.938 : 8=FIX.4.4|9=0|35=8|34=174|49=VENUEX|56=BROKER1|52=20260915-18:46:49.938|11=ORD165|39=0|150=0|17=EX174|10=000
20260915-18:46:50.038 : 8=FIX.4.4|9=0|35=D|34=166|49=BROKER1|56=VENUEX|52=20260915-18:46:50.038|11=ORD166|55=EURUSD|54=2|38=250000|40=2|44=1.08809|10=000
20260915-18:46:50.038 : 8=FIX.4.4|9=0|35=8|34=175|49=VENUEX|56=BROKER1|52=20260915-18:46:50.038|11=ORD166|39=0|150=0|17=EX175|10=000
20260915-18:46:50.039 : 8=FIX.4.4|9=0|35=0|34=167|49=BROKER1|56=VENUEX|52=20260915-18:46:50.039|10=000
20260915-18:46:50.039 : 8=FIX.4.4|9=0|35=0|34=176|49=VENUEX|56=BROKER1|52=20260915-18:46:50.039|10=000
20260915-18:46:50.139 : 8=FIX.4.4|9=0|35=D|34=168|49=BROKER1|56=VENUEX|52=20260915-18:46:50.139|11=ORD168|55=GBPUSD|54=2|38=100000|40=2|44=1.08012|10=000
20260915-18:46:50.140 : 8=FIX.4.4|9=0|35=8|34=177|49=VENUEX|56=BROKER1|52=20260915-18:46:50.140|11=ORD168|39=0|150=0|17=EX177|10=000
20260915-18:46:50.240 : 8=FIX.4.4|9=0|35=D|34=169|49=BROKER1|56=VENUEX|52=20260915-18:46:50.240|11=ORD169|55=GBPUSD|54=1|38=100000|40=2|44=1.06722|10=000
20260915-18:46:50.240 : 8=FIX.4.4|9=0|35=8|34=178|49=VENUEX|56=BROKER1|52=20260915-18:46:50.240|11=ORD169|39=0|150=0|17=EX178|10=000
20260915-18:46:50.341 : 8=FIX.4.4|9=0|35=D|34=170|49=BROKER1|56=VENUEX|52=20260915-18:46:50.341|11=ORD170|55=GBPUSD|54=1|38=100000|40=2|44=1.07226|10=000
20260915-18:46:50.341 : 8=FIX.4.4|9=0|35=8|34=179|49=VENUEX|56=BROKER1|52=20260915-18:46:50.341|11=ORD170|39=0|150=0|17=EX179|10=000
20260915-18:46:50.442 : 8=FIX.4.4|9=0|35=D|34=171|49=BROKER1|56=VENUEX|52=20260915-18:46:50.442|11=ORD171|55=EURUSD|54=2|38=100000|40=2|44=1.07472|10=000
20260915-18:46:50.442 : 8=FIX.4.4|9=0|35=8|34=180|49=VENUEX|56=BROKER1|52=20260915-18:46:50.442|11=ORD171|39=0|150=0|17=EX180|10=000
20260915-18:46:50.442 : 8=FIX.4.4|9=0|35=0|34=172|49=BROKER1|56=VENUEX|52=20260915-18:46:50.442|10=000
20260915-18:46:50.442 : 8=FIX.4.4|9=0|35=0|34=181|49=VENUEX|56=BROKER1|52=20260915-18:46:50.442|10=000
20260915-18:46:50.543 : 8=FIX.4.4|9=0|35=D|34=173|49=BROKER1|56=VENUEX|52=20260915-18:46:50.543|11=ORD173|55=GBPUSD|54=1|38=250000|40=2|44=1.0978|10=000
20260915-18:46:50.543 : 8=FIX.4.4|9=0|35=8|34=182|49=VENUEX|56=BROKER1|52=20260915-18:46:50.543|11=ORD173|39=0|150=0|17=EX182|10=000
20260915-18:46:50.644 : 8=FIX.4.4|9=0|35=D|34=174|49=BROKER1|56=VENUEX|52=20260915-18:46:50.643|11=ORD174|55=XAUUSD|54=2|38=100000|40=2|44=1.06016|10=000
20260915-18:46:50.644 : 8=FIX.4.4|9=0|35=8|34=183|49=VENUEX|56=BROKER1|52=20260915-18:46:50.644|11=ORD174|39=0|150=0|17=EX183|10=000
20260915-18:46:50.744 : 8=FIX.4.4|9=0|35=D|34=175|49=BROKER1|56=VENUEX|52=20260915-18:46:50.744|11=ORD175|55=EURUSD|54=2|38=100000|40=2|44=1.06111|10=000
20260915-18:46:50.744 : 8=FIX.4.4|9=0|35=8|34=184|49=VENUEX|56=BROKER1|52=20260915-18:46:50.744|11=ORD175|39=0|150=0|17=EX184|10=000
20260915-18:46:50.845 : 8=FIX.4.4|9=0|35=D|34=176|49=BROKER1|56=VENUEX|52=20260915-18:46:50.845|11=ORD176|55=GBPUSD|54=2|38=250000|40=2|44=1.06478|10=000
20260915-18:46:50.845 : 8=FIX.4.4|9=0|35=8|34=185|49=VENUEX|56=BROKER1|52=20260915-18:46:50.845|11=ORD176|39=0|150=0|17=EX185|10=000
20260915-18:46:50.945 : 8=FIX.4.4|9=0|35=D|34=177|49=BROKER1|56=VENUEX|52=20260915-18:46:50.945|11=ORD177|55=EURUSD|54=2|38=100000|40=2|44=1.06638|10=000
20260915-18:46:50.946 : 8=FIX.4.4|9=0|35=8|34=186|49=VENUEX|56=BROKER1|52=20260915-18:46:50.946|11=ORD177|39=0|150=0|17=EX186|10=000
20260915-18:46:51.046 : 8=FIX.4.4|9=0|35=D|34=178|49=BROKER1|56=VENUEX|52=20260915-18:46:51.046|11=ORD178|55=XAUUSD|54=1|38=100000|40=2|44=1.09972|10=000
20260915-18:46:51.046 : 8=FIX.4.4|9=0|35=8|34=187|49=VENUEX|56=BROKER1|52=20260915-18:46:51.046|11=ORD178|39=0|150=0|17=EX187|10=000
20260915-18:46:51.147 : 8=FIX.4.4|9=0|35=D|34=179|49=BROKER1|56=VENUEX|52=20260915-18:46:51.147|11=ORD179|55=GBPUSD|54=1|38=250000|40=2|44=1.09482|10=000
20260915-18:46:51.147 : 8=FIX.4.4|9=0|35=8|34=188|49=VENUEX|56=BROKER1|52=20260915-18:46:51.147|11=ORD179|39=0|150=0|17=EX188|10=000
20260915-18:46:51.147 : 8=FIX.4.4|9=0|35=0|34=180|49=BROKER1|56=VENUEX|52=20260915-18:46:51.147|10=000
20260915-18:46:51.147 : 8=FIX.4.4|9=0|35=0|34=189|49=VENUEX|56=BROKER1|52=20260915-18:46:51.147|10=000
20260915-18:46:51.248 : 8=FIX.4.4|9=0|35=D|34=181|49=BROKER1|56=VENUEX|52=20260915-18:46:51.248|11=ORD181|55=XAUUSD|54=2|38=100000|40=2|44=1.06698|10=000
20260915-18:46:51.248 : 8=FIX.4.4|9=0|35=8|34=190|49=VENUEX|56=BROKER1|52=20260915-18:46:51.248|11=ORD181|39=0|150=0|17=EX190|10=000
20260915-18:46:51.248 : 8=FIX.4.4|9=0|35=0|34=182|49=BROKER1|56=VENUEX|52=20260915-18:46:51.248|10=000
20260915-18:46:51.248 : 8=FIX.4.4|9=0|35=0|34=191|49=VENUEX|56=BROKER1|52=20260915-18:46:51.248|10=000
20260915-18:46:51.348 : 8=FIX.4.4|9=0|35=D|34=183|49=BROKER1|56=VENUEX|52=20260915-18:46:51.348|11=ORD183|55=GBPUSD|54=2|38=250000|40=2|44=1.06059|10=000
20260915-18:46:51.349 : 8=FIX.4.4|9=0|35=8|34=192|49=VENUEX|56=BROKER1|52=20260915-18:46:51.349|11=ORD183|39=0|150=0|17=EX192|10=000
20260915-18:46:51.449 : 8=FIX.4.4|9=0|35=D|34=184|49=BROKER1|56=VENUEX|52=20260915-18:46:51.449|11=ORD184|55=GBPUSD|54=2|38=250000|40=2|44=1.05862|10=000
20260915-18:46:51.449 : 8=FIX.4.4|9=0|35=8|34=193|49=VENUEX|56=BROKER1|52=20260915-18:46:51.449|11=ORD184|39=0|150=0|17=EX193|10=000
20260915-18:46:51.449 : 8=FIX.4.4|9=0|35=0|34=185|49=BROKER1|56=VENUEX|52=20260915-18:46:51.449|10=000
20260915-18:46:51.449 : 8=FIX.4.4|9=0|35=0|34=194|49=VENUEX|56=BROKER1|52=20260915-18:46:51.449|10=000
20260915-18:46:51.550 : 8=FIX.4.4|9=0|35=D|34=186|49=BROKER1|56=VENUEX|52=20260915-18:46:51.550|11=ORD186|55=GBPUSD|54=1|38=250000|40=2|44=1.05618|10=000
20260915-18:46:51.550 : 8=FIX.4.4|9=0|35=8|34=195|49=VENUEX|56=BROKER1|52=20260915-18:46:51.550|11=ORD186|39=0|150=0|17=EX195|10=000
20260915-18:46:51.650 : 8=FIX.4.4|9=0|35=D|34=187|49=BROKER1|56=VENUEX|52=20260915-18:46:51.650|11=ORD187|55=XAUUSD|54=1|38=100000|40=2|44=1.06778|10=000
20260915-18:46:51.650 : 8=FIX.4.4|9=0|35=8|34=196|49=VENUEX|56=BROKER1|52=20260915-18:46:51.650|11=ORD187|39=0|150=0|17=EX196|10=000
20260915-18:46:51.651 : 8=FIX.4.4|9=0|35=0|34=188|49=BROKER1|56=VENUEX|52=20260915-18:46:51.651|10=000
20260915-18:46:51.651 : 8=FIX.4.4|9=0|35=0|34=197|49=VENUEX|56=BROKER1|52=20260915-18:46:51.651|10=000
20260915-18:46:51.751 : 8=FIX.4.4|9=0|35=D|34=189|49=BROKER1|56=VENUEX|52=20260915-18:46:51.751|11=ORD189|55=EURUSD|54=2|38=250000|40=2|44=1.08374|10=000
20260915-18:46:51.751 : 8=FIX.4.4|9=0|35=8|34=198|49=VENUEX|56=BROKER1|52=20260915-18:46:51.751|11=ORD189|39=0|150=0|17=EX198|10=000
20260915-18:46:51.752 : 8=FIX.4.4|9=0|35=0|34=190|49=BROKER1|56=VENUEX|52=20260915-18:46:51.752|10=000
20260915-18:46:51.752 : 8=FIX.4.4|9=0|35=0|34=199|49=VENUEX|56=BROKER1|52=20260915-18:46:51.752|10=000
20260915-18:46:51.852 : 8=FIX.4.4|9=0|35=D|34=191|49=BROKER1|56=VENUEX|52=20260915-18:46:51.852|11=ORD191|55=EURUSD|54=2|38=250000|40=2|44=1.06525|10=000
20260915-18:46:51.853 : 8=FIX.4.4|9=0|35=8|34=200|49=VENUEX|56=BROKER1|52=20260915-18:46:51.853|11=ORD191|39=0|150=0|17=EX200|10=000
20260915-18:46:51.953 : 8=FIX.4.4|9=0|35=D|34=192|49=BROKER1|56=VENUEX|52=20260915-18:46:51.953|11=ORD192|55=XAUUSD|54=2|38=250000|40=2|44=1.08488|10=000
20260915-18:46:51.953 : 8=FIX.4.4|9=0|35=8|34=201|49=VENUEX|56=BROKER1|52=20260915-18:46:51.953|11=ORD192|39=0|150=0|17=EX201|10=000
20260915-18:46:51.953 : 8=FIX.4.4|9=0|35=0|34=193|49=BROKER1|56=VENUEX|52=20260915-18:46:51.953|10=000
20260915-18:46:51.953 : 8=FIX.4.4|9=0|35=0|34=202|49=VENUEX|56=BROKER1|52=20260915-18:46:51.953|10=000
20260915-18:46:52.054 : 8=FIX.4.4|9=0|35=D|34=194|49=BROKER1|56=VENUEX|52=20260915-18:46:52.054|11=ORD194|55=GBPUSD|54=2|38=250000|40=2|44=1.0813|10=000
20260915-18:46:52.054 : 8=FIX.4.4|9=0|35=8|34=203|49=VENUEX|56=BROKER1|52=20260915-18:46:52.054|11=ORD194|39=0|150=0|17=EX203|10=000
20260915-18:46:52.154 : 8=FIX.4.4|9=0|35=D|34=195|49=BROKER1|56=VENUEX|52=20260915-18:46:52.154|11=ORD195|55=GBPUSD|54=1|38=100000|40=2|44=1.08321|10=000
20260915-18:46:52.155 : 8=FIX.4.4|9=0|35=8|34=204|49=VENUEX|56=BROKER1|52=20260915-18:46:52.155|11=ORD195|39=0|150=0|17=EX204|10=000
20260915-18:46:52.155 : 8=FIX.4.4|9=0|35=0|34=196|49=BROKER1|56=VENUEX|52=20260915-18:46:52.155|10=000
20260915-18:46:52.155 : 8=FIX.4.4|9=0|35=0|34=205|49=VENUEX|56=BROKER1|52=20260915-18:46:52.155|10=000
20260915-18:46:52.255 : 8=FIX.4.4|9=0|35=D|34=197|49=BROKER1|56=VENUEX|52=20260915-18:46:52.255|11=ORD197|55=EURUSD|54=1|38=100000|40=2|44=1.09574|10=000
20260915-18:46:52.255 : 8=FIX.4.4|9=0|35=8|34=206|49=VENUEX|56=BROKER1|52=20260915-18:46:52.255|11=ORD197|39=0|150=0|17=EX206|10=000
20260915-18:46:52.256 : 8=FIX.4.4|9=0|35=0|34=198|49=BROKER1|56=VENUEX|52=20260915-18:46:52.256|10=000
20260915-18:46:52.256 : 8=FIX.4.4|9=0|35=0|34=207|49=VENUEX|56=BROKER1|52=20260915-18:46:52.256|10=000
20260915-18:46:52.356 : 8=FIX.4.4|9=0|35=D|34=199|49=BROKER1|56=VENUEX|52=20260915-18:46:52.356|11=ORD199|55=EURUSD|54=2|38=250000|40=2|44=1.08631|10=000
20260915-18:46:52.356 : 8=FIX.4.4|9=0|35=8|34=208|49=VENUEX|56=BROKER1|52=20260915-18:46:52.356|11=ORD199|39=0|150=0|17=EX208|10=000
20260915-18:46:52.457 : 8=FIX.4.4|9=0|35=D|34=200|49=BROKER1|56=VENUEX|52=20260915-18:46:52.457|11=ORD200|55=GBPUSD|54=1|38=250000|40=2|44=1.09949|10=000
20260915-18:46:52.457 : 8=FIX.4.4|9=0|35=8|34=209|49=VENUEX|56=BROKER1|52=20260915-18:46:52.457|11=ORD200|39=0|150=0|17=EX209|10=000
20260915-18:46:52.457 : 8=FIX.4.4|9=0|35=0|34=201|49=BROKER1|56=VENUEX|52=20260915-18:46:52.457|10=000
20260915-18:46:52.457 : 8=FIX.4.4|9=0|35=0|34=210|49=VENUEX|56=BROKER1|52=20260915-18:46:52.457|10=000
20260915-18:46:52.558 : 8=FIX.4.4|9=0|35=D|34=202|49=BROKER1|56=VENUEX|52=20260915-18:46:52.558|11=ORD202|55=GBPUSD|54=2|38=250000|40=2|44=1.08075|10=000
20260915-18:46:52.558 : 8=FIX.4.4|9=0|35=8|34=211|49=VENUEX|56=BROKER1|52=20260915-18:46:52.558|11=ORD202|39=0|150=0|17=EX211|10=000
20260915-18:46:52.658 : 8=FIX.4.4|9=0|35=D|34=203|49=BROKER1|56=VENUEX|52=20260915-18:46:52.658|11=ORD203|55=EURUSD|54=1|38=100000|40=2|44=1.09565|10=000
20260915-18:46:52.658 : 8=FIX.4.4|9=0|35=8|34=212|49=VENUEX|56=BROKER1|52=20260915-18:46:52.658|11=ORD203|39=0|150=0|17=EX212|10=000
20260915-18:46:52.659 : 8=FIX.4.4|9=0|35=0|34=204|49=BROKER1|56=VENUEX|52=20260915-18:46:52.659|10=000
20260915-18:46:52.659 : 8=FIX.4.4|9=0|35=0|34=213|49=VENUEX|56=BROKER1|52=20260915-18:46:52.659|10=000
20260915-18:46:52.759 : 8=FIX.4.4|9=0|35=D|34=205|49=BROKER1|56=VENUEX|52=20260915-18:46:52.759|11=ORD205|55=EURUSD|54=1|38=250000|40=2|44=1.06407|10=000
20260915-18:46:52.759 : 8=FIX.4.4|9=0|35=8|34=214|49=VENUEX|56=BROKER1|52=20260915-18:46:52.759|11=ORD205|39=0|150=0|17=EX214|10=000
20260915-18:46:52.759 : 8=FIX.4.4|9=0|35=0|34=206|49=BROKER1|56=VENUEX|52=20260915-18:46:52.759|10=000
20260915-18:46:52.760 : 8=FIX.4.4|9=0|35=0|34=215|49=VENUEX|56=BROKER1|52=20260915-18:46:52.760|10=000
20260915-18:46:52.860 : 8=FIX.4.4|9=0|35=D|34=207|49=BROKER1|56=VENUEX|52=20260915-18:46:52.860|11=ORD207|55=GBPUSD|54=1|38=250000|40=2|44=1.07697|10=000
20260915-18:46:52.860 : 8=FIX.4.4|9=0|35=8|34=216|49=VENUEX|56=BROKER1|52=20260915-18:46:52.860|11=ORD207|39=0|150=0|17=EX216|10=000
20260915-18:46:52.960 : 8=FIX.4.4|9=0|35=D|34=208|49=BROKER1|56=VENUEX|52=20260915-18:46:52.960|11=ORD208|55=XAUUSD|54=2|38=100000|40=2|44=1.09022|10=000
20260915-18:46:52.961 : 8=FIX.4.4|9=0|35=8|34=217|49=VENUEX|56=BROKER1|52=20260915-18:46:52.961|11=ORD208|39=0|150=0|17=EX217|10=000
20260915-18:46:53.061 : 8=FIX.4.4|9=0|35=D|34=209|49=BROKER1|56=VENUEX|52=20260915-18:46:53.061|11=ORD209|55=EURUSD|54=1|38=250000|40=2|44=1.09287|10=000
20260915-18:46:53.061 : 8=FIX.4.4|9=0|35=8|34=218|49=VENUEX|56=BROKER1|52=20260915-18:46:53.061|11=ORD209|39=0|150=0|17=EX218|10=000
20260915-18:46:53.162 : 8=FIX.4.4|9=0|35=D|34=210|49=BROKER1|56=VENUEX|52=20260915-18:46:53.162|11=ORD210|55=XAUUSD|54=2|38=100000|40=2|44=1.08918|10=000
20260915-18:46:53.162 : 8=FIX.4.4|9=0|35=8|34=219|49=VENUEX|56=BROKER1|52=20260915-18:46:53.162|11=ORD210|39=0|150=0|17=EX219|10=000
20260915-18:46:53.162 : 8=FIX.4.4|9=0|35=0|34=211|49=BROKER1|56=VENUEX|52=20260915-18:46:53.162|10=000
20260915-18:46:53.162 : 8=FIX.4.4|9=0|35=0|34=220|49=VENUEX|56=BROKER1|52=20260915-18:46:53.162|10=000
20260915-18:46:53.263 : 8=FIX.4.4|9=0|35=D|34=212|49=BROKER1|56=VENUEX|52=20260915-18:46:53.263|11=ORD212|55=XAUUSD|54=2|38=100000|40=2|44=1.08594|10=000
20260915-18:46:53.263 : 8=FIX.4.4|9=0|35=8|34=221|49=VENUEX|56=BROKER1|52=20260915-18:46:53.263|11=ORD212|39=0|150=0|17=EX221|10=000
20260915-18:46:53.363 : 8=FIX.4.4|9=0|35=D|34=213|49=BROKER1|56=VENUEX|52=20260915-18:46:53.363|11=ORD213|55=XAUUSD|54=1|38=100000|40=2|44=1.08645|10=000
20260915-18:46:53.363 : 8=FIX.4.4|9=0|35=8|34=222|49=VENUEX|56=BROKER1|52=20260915-18:46:53.363|11=ORD213|39=0|150=0|17=EX222|10=000
20260915-18:46:53.464 : 8=FIX.4.4|9=0|35=D|34=214|49=BROKER1|56=VENUEX|52=20260915-18:46:53.464|11=ORD214|55=XAUUSD|54=2|38=100000|40=2|44=1.08669|10=000
20260915-18:46:53.464 : 8=FIX.4.4|9=0|35=8|34=223|49=VENUEX|56=BROKER1|52=20260915-18:46:53.464|11=ORD214|39=0|150=0|17=EX223|10=000
20260915-18:46:53.565 : 8=FIX.4.4|9=0|35=D|34=215|49=BROKER1|56=VENUEX|52=20260915-18:46:53.565|11=ORD215|55=EURUSD|54=1|38=250000|40=2|44=1.09096|10=000
20260915-18:46:53.565 : 8=FIX.4.4|9=0|35=8|34=224|49=VENUEX|56=BROKER1|52=20260915-18:46:53.565|11=ORD215|39=0|150=0|17=EX224|10=000
20260915-18:46:53.666 : 8=FIX.4.4|9=0|35=D|34=216|49=BROKER1|56=VENUEX|52=20260915-18:46:53.666|11=ORD216|55=GBPUSD|54=1|38=250000|40=2|44=1.09077|10=000
20260915-18:46:53.666 : 8=FIX.4.4|9=0|35=8|34=225|49=VENUEX|56=BROKER1|52=20260915-18:46:53.666|11=ORD216|39=0|150=0|17=EX225|10=000
20260915-18:46:53.667 : 8=FIX.4.4|9=0|35=0|34=217|49=BROKER1|56=VENUEX|52=20260915-18:46:53.667|10=000
20260915-18:46:53.667 : 8=FIX.4.4|9=0|35=0|34=226|49=VENUEX|56=BROKER1|52=20260915-18:46:53.667|10=000
20260915-18:46:53.768 : 8=FIX.4.4|9=0|35=D|34=218|49=BROKER1|56=VENUEX|52=20260915-18:46:53.767|11=ORD218|55=EURUSD|54=1|38=250000|40=2|44=1.0634|10=000
20260915-18:46:53.768 : 8=FIX.4.4|9=0|35=8|34=227|49=VENUEX|56=BROKER1|52=20260915-18:46:53.768|11=ORD218|39=0|150=0|17=EX227|10=000
20260915-18:46:53.768 : 8=FIX.4.4|9=0|35=0|34=219|49=BROKER1|56=VENUEX|52=20260915-18:46:53.768|10=000
20260915-18:46:53.768 : 8=FIX.4.4|9=0|35=0|34=228|49=VENUEX|56=BROKER1|52=20260915-18:46:53.768|10=000
20260915-18:46:53.869 : 8=FIX.4.4|9=0|35=D|34=220|49=BROKER1|56=VENUEX|52=20260915-18:46:53.869|11=ORD220|55=GBPUSD|54=1|38=100000|40=2|44=1.09926|10=000
20260915-18:46:53.869 : 8=FIX.4.4|9=0|35=8|34=229|49=VENUEX|56=BROKER1|52=20260915-18:46:53.869|11=ORD220|39=0|150=0|17=EX229|10=000
20260915-18:46:53.970 : 8=FIX.4.4|9=0|35=D|34=221|49=BROKER1|56=VENUEX|52=20260915-18:46:53.970|11=ORD221|55=EURUSD|54=1|38=250000|40=2|44=1.06402|10=000
20260915-18:46:53.970 : 8=FIX.4.4|9=0|35=8|34=230|49=VENUEX|56=BROKER1|52=20260915-18:46:53.970|11=ORD221|39=0|150=0|17=EX230|10=000
20260915-18:46:54.071 : 8=FIX.4.4|9=0|35=D|34=222|49=BROKER1|56=VENUEX|52=20260915-18:46:54.071|11=ORD222|55=XAUUSD|54=1|38=250000|40=2|44=1.05552|10=000
20260915-18:46:54.071 : 8=FIX.4.4|9=0|35=8|34=231|49=VENUEX|56=BROKER1|52=20260915-18:46:54.071|11=ORD222|39=0|150=0|17=EX231|10=000
20260915-18:46:54.172 : 8=FIX.4.4|9=0|35=D|34=223|49=BROKER1|56=VENUEX|52=20260915-18:46:54.172|11=ORD223|55=GBPUSD|54=2|38=250000|40=2|44=1.09473|10=000
20260915-18:46:54.172 : 8=FIX.4.4|9=0|35=8|34=232|49=VENUEX|56=BROKER1|52=20260915-18:46:54.172|11=ORD223|39=0|150=0|17=EX232|10=000
20260915-18:46:54.272 : 8=FIX.4.4|9=0|35=D|34=224|49=BROKER1|56=VENUEX|52=20260915-18:46:54.272|11=ORD224|55=XAUUSD|54=1|38=100000|40=2|44=1.08135|10=000
20260915-18:46:54.273 : 8=FIX.4.4|9=0|35=8|34=233|49=VENUEX|56=BROKER1|52=20260915-18:46:54.273|11=ORD224|39=0|150=0|17=EX233|10=000
20260915-18:46:54.273 : 8=FIX.4.4|9=0|35=0|34=225|49=BROKER1|56=VENUEX|52=20260915-18:46:54.273|10=000
20260915-18:46:54.273 : 8=FIX.4.4|9=0|35=0|34=234|49=VENUEX|56=BROKER1|52=20260915-18:46:54.273|10=000
20260915-18:46:54.373 : 8=FIX.4.4|9=0|35=D|34=226|49=BROKER1|56=VENUEX|52=20260915-18:46:54.373|11=ORD226|55=XAUUSD|54=2|38=250000|40=2|44=1.06156|10=000
20260915-18:46:54.374 : 8=FIX.4.4|9=0|35=8|34=235|49=VENUEX|56=BROKER1|52=20260915-18:46:54.374|11=ORD226|39=0|150=0|17=EX235|10=000
20260915-18:46:54.474 : 8=FIX.4.4|9=0|35=D|34=227|49=BROKER1|56=VENUEX|52=20260915-18:46:54.474|11=ORD227|55=GBPUSD|54=2|38=100000|40=2|44=1.08695|10=000
20260915-18:46:54.474 : 8=FIX.4.4|9=0|35=8|34=236|49=VENUEX|56=BROKER1|52=20260915-18:46:54.474|11=ORD227|39=0|150=0|17=EX236|10=000
20260915-18:46:54.575 : 8=FIX.4.4|9=0|35=D|34=228|49=BROKER1|56=VENUEX|52=20260915-18:46:54.575|11=ORD228|55=EURUSD|54=1|38=250000|40=2|44=1.06675|10=000
20260915-18:46:54.575 : 8=FIX.4.4|9=0|35=8|34=237|49=VENUEX|56=BROKER1|52=20260915-18:46:54.575|11=ORD228|39=0|150=0|17=EX237|10=000
20260915-18:46:54.575 : 8=FIX.4.4|9=0|35=0|34=229|49=BROKER1|56=VENUEX|52=20260915-18:46:54.575|10=000
20260915-18:46:54.575 : 8=FIX.4.4|9=0|35=0|34=238|49=VENUEX|56=BROKER1|52=20260915-18:46:54.575|10=000
20260915-18:46:54.676 : 8=FIX.4.4|9=0|35=D|34=230|49=BROKER1|56=VENUEX|52=20260915-18:46:54.676|11=ORD230|55=EURUSD|54=1|38=250000|40=2|44=1.07438|10=000
20260915-18:46:54.676 : 8=FIX.4.4|9=0|35=8|34=239|49=VENUEX|56=BROKER1|52=20260915-18:46:54.676|11=ORD230|39=0|150=0|17=EX239|10=000
20260915-18:46:54.777 : 8=FIX.4.4|9=0|35=D|34=231|49=BROKER1|56=VENUEX|52=20260915-18:46:54.777|11=ORD231|55=XAUUSD|54=2|38=250000|40=2|44=1.06446|10=000
20260915-18:46:54.777 : 8=FIX.4.4|9=0|35=8|34=240|49=VENUEX|56=BROKER1|52=20260915-18:46:54.777|11=ORD231|39=0|150=0|17=EX240|10=000
20260915-18:46:54.877 : 8=FIX.4.4|9=0|35=D|34=232|49=BROKER1|56=VENUEX|52=20260915-18:46:54.877|11=ORD232|55=EURUSD|54=2|38=250000|40=2|44=1.093|10=000
20260915-18:46:54.878 : 8=FIX.4.4|9=0|35=8|34=241|49=VENUEX|56=BROKER1|52=20260915-18:46:54.878|11=ORD232|39=0|150=0|17=EX241|10=000
20260915-18:46:54.978 : 8=FIX.4.4|9=0|35=D|34=233|49=BROKER1|56=VENUEX|52=20260915-18:46:54.978|11=ORD233|55=GBPUSD|54=2|38=250000|40=2|44=1.05285|10=000
20260915-18:46:54.979 : 8=FIX.4.4|9=0|35=8|34=242|49=VENUEX|56=BROKER1|52=20260915-18:46:54.979|11=ORD233|39=0|150=0|17=EX242|10=000
20260915-18:46:55.079 : 8=FIX.4.4|9=0|35=D|34=234|49=BROKER1|56=VENUEX|52=20260915-18:46:55.079|11=ORD234|55=GBPUSD|54=1|38=100000|40=2|44=1.08638|10=000
20260915-18:46:55.079 : 8=FIX.4.4|9=0|35=8|34=243|49=VENUEX|56=BROKER1|52=20260915-18:46:55.079|11=ORD234|39=0|150=0|17=EX243|10=000
20260915-18:46:55.080 : 8=FIX.4.4|9=0|35=0|34=235|49=BROKER1|56=VENUEX|52=20260915-18:46:55.080|10=000
20260915-18:46:55.080 : 8=FIX.4.4|9=0|35=0|34=244|49=VENUEX|56=BROKER1|52=20260915-18:46:55.080|10=000
20260915-18:46:55.180 : 8=FIX.4.4|9=0|35=D|34=236|49=BROKER1|56=VENUEX|52=20260915-18:46:55.180|11=ORD236|55=GBPUSD|54=2|38=100000|40=2|44=1.08607|10=000
20260915-18:46:55.181 : 8=FIX.4.4|9=0|35=8|34=245|49=VENUEX|56=BROKER1|52=20260915-18:46:55.181|11=ORD236|39=0|150=0|17=EX245|10=000
20260915-18:46:55.281 : 8=FIX.4.4|9=0|35=D|34=237|49=BROKER1|56=VENUEX|52=20260915-18:46:55.281|11=ORD237|55=GBPUSD|54=2|38=100000|40=2|44=1.09028|10=000
20260915-18:46:55.281 : 8=FIX.4.4|9=0|35=8|34=246|49=VENUEX|56=BROKER1|52=20260915-18:46:55.281|11=ORD237|39=0|150=0|17=EX246|10=000
20260915-18:46:55.382 : 8=FIX.4.4|9=0|35=D|34=238|49=BROKER1|56=VENUEX|52=20260915-18:46:55.382|11=ORD238|55=XAUUSD|54=2|38=250000|40=2|44=1.05441|10=000
20260915-18:46:55.382 : 8=FIX.4.4|9=0|35=8|34=247|49=VENUEX|56=BROKER1|52=20260915-18:46:55.382|11=ORD238|39=0|150=0|17=EX247|10=000
20260915-18:46:55.382 : 8=FIX.4.4|9=0|35=0|34=239|49=BROKER1|56=VENUEX|52=20260915-18:46:55.382|10=000
20260915-18:46:55.382 : 8=FIX.4.4|9=0|35=0|34=248|49=VENUEX|56=BROKER1|52=20260915-18:46:55.382|10=000
20260915-18:46:55.483 : 8=FIX.4.4|9=0|35=D|34=240|49=BROKER1|56=VENUEX|52=20260915-18:46:55.483|11=ORD240|55=GBPUSD|54=2|38=100000|40=2|44=1.05453|10=000
20260915-18:46:55.483 : 8=FIX.4.4|9=0|35=8|34=249|49=VENUEX|56=BROKER1|52=20260915-18:46:55.483|11=ORD240|39=0|150=0|17=EX249|10=000
20260915-18:46:55.484 : 8=FIX.4.4|9=0|35=0|34=241|49=BROKER1|56=VENUEX|52=20260915-18:46:55.484|10=000
20260915-18:46:55.484 : 8=FIX.4.4|9=0|35=0|34=250|49=VENUEX|56=BROKER1|52=20260915-18:46:55.484|10=000
20260915-18:46:55.584 : 8=FIX.4.4|9=0|35=D|34=242|49=BROKER1|56=VENUEX|52=20260915-18:46:55.584|11=ORD242|55=GBPUSD|54=1|38=250000|40=2|44=1.0548|10=000
20260915-18:46:55.585 : 8=FIX.4.4|9=0|35=8|34=251|49=VENUEX|56=BROKER1|52=20260915-18:46:55.585|11=ORD242|39=0|150=0|17=EX251|10=000
20260915-18:46:55.685 : 8=FIX.4.4|9=0|35=D|34=243|49=BROKER1|56=VENUEX|52=20260915-18:46:55.685|11=ORD243|55=XAUUSD|54=2|38=250000|40=2|44=1.09676|10=000
20260915-18:46:55.685 : 8=FIX.4.4|9=0|35=8|34=252|49=VENUEX|56=BROKER1|52=20260915-18:46:55.685|11=ORD243|39=0|150=0|17=EX252|10=000
20260915-18:46:55.686 : 8=FIX.4.4|9=0|35=5|34=244|49=BROKER1|56=VENUEX|52=20260915-18:46:55.686|58=Session ended|10=000
20260915-18:46:56.688 : 8=FIX.4.4|9=0|35=A|34=245|49=BROKER1|56=VENUEX|52=20260915-18:46:56.688|98=0|108=30|10=000
20260915-18:46:56.688 : 8=FIX.4.4|9=0|35=A|34=253|49=VENUEX|56=BROKER1|52=20260915-18:46:56.688|98=0|108=30|10=000
20260915-18:46:56.689 : 8=FIX.4.4|9=0|35=0|34=246|49=BROKER1|56=VENUEX|52=20260915-18:46:56.689|10=000
20260915-18:46:56.689 : 8=FIX.4.4|9=0|35=0|34=254|49=VENUEX|56=BROKER1|52=20260915-18:46:56.689|10=000
20260915-18:46:56.789 : 8=FIX.4.4|9=0|35=D|34=247|49=BROKER1|56=VENUEX|52=20260915-18:46:56.789|11=ORD247|55=XAUUSD|54=1|38=250000|40=2|44=1.07447|10=000
20260915-18:46:56.790 : 8=FIX.4.4|9=0|35=8|34=255|49=VENUEX|56=BROKER1|52=20260915-18:46:56.789|11=ORD247|39=0|150=0|17=EX255|10=000
20260915-18:46:56.790 : 8=FIX.4.4|9=0|35=0|34=248|49=BROKER1|56=VENUEX|52=20260915-18:46:56.790|10=000
20260915-18:46:56.790 : 8=FIX.4.4|9=0|35=0|34=256|49=VENUEX|56=BROKER1|52=20260915-18:46:56.790|10=000
20260915-18:46:56.890 : 8=FIX.4.4|9=0|35=D|34=249|49=BROKER1|56=VENUEX|52=20260915-18:46:56.890|11=ORD249|55=GBPUSD|54=2|38=250000|40=2|44=1.08691|10=000
20260915-18:46:56.891 : 8=FIX.4.4|9=0|35=8|34=257|49=VENUEX|56=BROKER1|52=20260915-18:46:56.891|11=ORD249|39=0|150=0|17=EX257|10=000
20260915-18:46:56.991 : 8=FIX.4.4|9=0|35=D|34=250|49=BROKER1|56=VENUEX|52=20260915-18:46:56.991|11=ORD250|55=XAUUSD|54=2|38=250000|40=2|44=1.06001|10=000
20260915-18:46:56.991 : 8=FIX.4.4|9=0|35=8|34=258|49=VENUEX|56=BROKER1|52=20260915-18:46:56.991|11=ORD250|39=0|150=0|17=EX258|10=000
20260915-18:46:56.992 : 8=FIX.4.4|9=0|35=0|34=251|49=BROKER1|56=VENUEX|52=20260915-18:46:56.992|10=000
20260915-18:46:56.992 : 8=FIX.4.4|9=0|35=0|34=259|49=VENUEX|56=BROKER1|52=20260915-18:46:56.992|10=000
20260915-18:46:57.092 : 8=FIX.4.4|9=0|35=D|34=252|49=BROKER1|56=VENUEX|52=20260915-18:46:57.092|11=ORD252|55=GBPUSD|54=1|38=100000|40=2|44=1.09194|10=000
20260915-18:46:57.093 : 8=FIX.4.4|9=0|35=8|34=260|49=VENUEX|56=BROKER1|52=20260915-18:46:57.093|11=ORD252|39=0|150=0|17=EX260|10=000
20260915-18:46:57.193 : 8=FIX.4.4|9=0|35=D|34=253|49=BROKER1|56=VENUEX|52=20260915-18:46:57.193|11=ORD253|55=XAUUSD|54=1|38=250000|40=2|44=1.07221|10=000
20260915-18:46:57.193 : 8=FIX.4.4|9=0|35=8|34=261|49=VENUEX|56=BROKER1|52=20260915-18:46:57.193|11=ORD253|39=0|150=0|17=EX261|10=000
20260915-18:46:57.194 : 8=FIX.4.4|9=0|35=0|34=254|49=BROKER1|56=VENUEX|52=20260915-18:46:57.194|10=000
20260915-18:46:57.194 : 8=FIX.4.4|9=0|35=0|34=262|49=VENUEX|56=BROKER1|52=20260915-18:46:57.194|10=000
20260915-18:46:57.294 : 8=FIX.4.4|9=0|35=D|34=255|49=BROKER1|56=VENUEX|52=20260915-18:46:57.294|11=ORD255|55=GBPUSD|54=2|38=100000|40=2|44=1.07833|10=000
20260915-18:46:57.294 : 8=FIX.4.4|9=0|35=8|34=263|49=VENUEX|56=BROKER1|52=20260915-18:46:57.294|11=ORD255|39=0|150=0|17=EX263|10=000
20260915-18:46:57.395 : 8=FIX.4.4|9=0|35=D|34=256|49=BROKER1|56=VENUEX|52=20260915-18:46:57.395|11=ORD256|55=EURUSD|54=2|38=100000|40=2|44=1.063|10=000
20260915-18:46:57.395 : 8=FIX.4.4|9=0|35=8|34=264|49=VENUEX|56=BROKER1|52=20260915-18:46:57.395|11=ORD256|39=0|150=0|17=EX264|10=000
20260915-18:46:57.496 : 8=FIX.4.4|9=0|35=D|34=257|49=BROKER1|56=VENUEX|52=20260915-18:46:57.496|11=ORD257|55=XAUUSD|54=2|38=100000|40=2|44=1.07117|10=000
20260915-18:46:57.496 : 8=FIX.4.4|9=0|35=8|34=265|49=VENUEX|56=BROKER1|52=20260915-18:46:57.496|11=ORD257|39=0|150=0|17=EX265|10=000
20260915-18:46:57.596 : 8=FIX.4.4|9=0|35=D|34=258|49=BROKER1|56=VENUEX|52=20260915-18:46:57.596|11=ORD258|55=GBPUSD|54=1|38=100000|40=2|44=1.06923|10=000
20260915-18:46:57.597 : 8=FIX.4.4|9=0|35=8|34=266|49=VENUEX|56=BROKER1|52=20260915-18:46:57.597|11=ORD258|39=0|150=0|17=EX266|10=000
20260915-18:46:57.697 : 8=FIX.4.4|9=0|35=D|34=259|49=BROKER1|56=VENUEX|52=20260915-18:46:57.697|11=ORD259|55=XAUUSD|54=1|38=100000|40=2|44=1.06303|10=000
20260915-18:46:57.697 : 8=FIX.4.4|9=0|35=8|34=267|49=VENUEX|56=BROKER1|52=20260915-18:46:57.697|11=ORD259|39=0|150=0|17=EX267|10=000
20260915-18:46:57.798 : 8=FIX.4.4|9=0|35=D|34=260|49=BROKER1|56=VENUEX|52=20260915-18:46:57.798|11=ORD260|55=GBPUSD|54=1|38=250000|40=2|44=1.09076|10=000
20260915-18:46:57.798 : 8=FIX.4.4|9=0|35=8|34=268|49=VENUEX|56=BROKER1|52=20260915-18:46:57.798|11=ORD260|39=0|150=0|17=EX268|10=000
20260915-18:46:57.899 : 8=FIX.4.4|9=0|35=D|34=261|49=BROKER1|56=VENUEX|52=20260915-18:46:57.899|11=ORD261|55=EURUSD|54=1|38=100000|40=2|44=1.08914|10=000
20260915-18:46:57.899 : 8=FIX.4.4|9=0|35=8|34=269|49=VENUEX|56=BROKER1|52=20260915-18:46:57.899|11=ORD261|39=0|150=0|17=EX269|10=000
20260915-18:46:58.000 : 8=FIX.4.4|9=0|35=D|34=262|49=BROKER1|56=VENUEX|52=20260915-18:46:58.000|11=ORD262|55=EURUSD|54=1|38=100000|40=2|44=1.07454|10=000
20260915-18:46:58.000 : 8=FIX.4.4|9=0|35=8|34=270|49=VENUEX|56=BROKER1|52=20260915-18:46:58.000|11=ORD262|39=0|150=0|17=EX270|10=000
20260915-18:46:58.100 : 8=FIX.4.4|9=0|35=D|34=263|49=BROKER1|56=VENUEX|52=20260915-18:46:58.100|11=ORD263|55=GBPUSD|54=2|38=250000|40=2|44=1.05583|10=000
20260915-18:46:58.101 : 8=FIX.4.4|9=0|35=8|34=271|49=VENUEX|56=BROKER1|52=20260915-18:46:58.101|11=ORD263|39=0|150=0|17=EX271|10=000
20260915-18:46:58.101 : 8=FIX.4.4|9=0|35=0|34=264|49=BROKER1|56=VENUEX|52=20260915-18:46:58.101|10=000
20260915-18:46:58.101 : 8=FIX.4.4|9=0|35=0|34=272|49=VENUEX|56=BROKER1|52=20260915-18:46:58.101|10=000
20260915-18:46:58.201 : 8=FIX.4.4|9=0|35=D|34=265|49=BROKER1|56=VENUEX|52=20260915-18:46:58.201|11=ORD265|55=EURUSD|54=1|38=250000|40=2|44=1.06226|10=000
20260915-18:46:58.202 : 8=FIX.4.4|9=0|35=8|34=273|49=VENUEX|56=BROKER1|52=20260915-18:46:58.202|11=ORD265|39=0|150=0|17=EX273|10=000
20260915-18:46:58.302 : 8=FIX.4.4|9=0|35=D|34=266|49=BROKER1|56=VENUEX|52=20260915-18:46:58.302|11=ORD266|55=EURUSD|54=1|38=250000|40=2|44=1.05575|10=000
20260915-18:46:58.302 : 8=FIX.4.4|9=0|35=8|34=274|49=VENUEX|56=BROKER1|52=20260915-18:46:58.302|11=ORD266|39=0|150=0|17=EX274|10=000
20260915-18:46:58.403 : 8=FIX.4.4|9=0|35=D|34=267|49=BROKER1|56=VENUEX|52=20260915-18:46:58.403|11=ORD267|55=GBPUSD|54=1|38=250000|40=2|44=1.07408|10=000
20260915-18:46:58.403 : 8=FIX.4.4|9=0|35=8|34=275|49=VENUEX|56=BROKER1|52=20260915-18:46:58.403|11=ORD267|39=0|150=0|17=EX275|10=000
20260915-18:46:58.503 : 8=FIX.4.4|9=0|35=D|34=268|49=BROKER1|56=VENUEX|52=20260915-18:46:58.503|11=ORD268|55=EURUSD|54=1|38=250000|40=2|44=1.07199|10=000
20260915-18:46:58.504 : 8=FIX.4.4|9=0|35=8|34=276|49=VENUEX|56=BROKER1|52=20260915-18:46:58.504|11=ORD268|39=0|150=0|17=EX276|10=000
20260915-18:46:58.604 : 8=FIX.4.4|9=0|35=D|34=269|49=BROKER1|56=VENUEX|52=20260915-18:46:58.604|11=ORD269|55=EURUSD|54=2|38=100000|40=2|44=1.09162|10=000
20260915-18:46:58.604 : 8=FIX.4.4|9=0|35=8|34=277|49=VENUEX|56=BROKER1|52=20260915-18:46:58.604|11=ORD269|39=0|150=0|17=EX277|10=000
20260915-18:46:58.705 : 8=FIX.4.4|9=0|35=D|34=270|49=BROKER1|56=VENUEX|52=20260915-18:46:58.705|11=ORD270|55=GBPUSD|54=1|38=250000|40=2|44=1.08701|10=000
20260915-18:46:58.705 : 8=FIX.4.4|9=0|35=8|34=278|49=VENUEX|56=BROKER1|52=20260915-18:46:58.705|11=ORD270|39=0|150=0|17=EX278|10=000
20260915-18:46:58.805 : 8=FIX.4.4|9=0|35=D|34=271|49=BROKER1|56=VENUEX|52=20260915-18:46:58.805|11=ORD271|55=GBPUSD|54=2|38=250000|40=2|44=1.06337|10=000
20260915-18:46:58.806 : 8=FIX.4.4|9=0|35=8|34=279|49=VENUEX|56=BROKER1|52=20260915-18:46:58.806|11=ORD271|39=0|150=0|17=EX279|10=000
20260915-18:46:58.806 : 8=FIX.4.4|9=0|35=0|34=272|49=BROKER1|56=VENUEX|52=20260915-18:46:58.806|10=000
20260915-18:46:58.806 : 8=FIX.4.4|9=0|35=0|34=280|49=VENUEX|56=BROKER1|52=20260915-18:46:58.806|10=000
20260915-18:46:58.906 : 8=FIX.4.4|9=0|35=D|34=273|49=BROKER1|56=VENUEX|52=20260915-18:46:58.906|11=ORD273|55=EURUSD|54=1|38=100000|40=2|44=1.05473|10=000
20260915-18:46:58.907 : 8=FIX.4.4|9=0|35=8|34=281|49=VENUEX|56=BROKER1|52=20260915-18:46:58.907|11=ORD273|39=0|150=0|17=EX281|10=000
20260915-18:46:59.007 : 8=FIX.4.4|9=0|35=D|34=274|49=BROKER1|56=VENUEX|52=20260915-18:46:59.007|11=ORD274|55=GBPUSD|54=2|38=250000|40=2|44=1.06254|10=000
20260915-18:46:59.007 : 8=FIX.4.4|9=0|35=8|34=282|49=VENUEX|56=BROKER1|52=20260915-18:46:59.007|11=ORD274|39=0|150=0|17=EX282|10=000
20260915-18:46:59.108 : 8=FIX.4.4|9=0|35=D|34=275|49=BROKER1|56=VENUEX|52=20260915-18:46:59.108|11=ORD275|55=GBPUSD|54=2|38=250000|40=2|44=1.05755|10=000
20260915-18:46:59.108 : 8=FIX.4.4|9=0|35=8|34=283|49=VENUEX|56=BROKER1|52=20260915-18:46:59.108|11=ORD275|39=0|150=0|17=EX283|10=000
20260915-18:46:59.108 : 8=FIX.4.4|9=0|35=0|34=276|49=BROKER1|56=VENUEX|52=20260915-18:46:59.108|10=000
20260915-18:46:59.108 : 8=FIX.4.4|9=0|35=0|34=284|49=VENUEX|56=BROKER1|52=20260915-18:46:59.108|10=000
20260915-18:46:59.209 : 8=FIX.4.4|9=0|35=D|34=277|49=BROKER1|56=VENUEX|52=20260915-18:46:59.209|11=ORD277|55=XAUUSD|54=1|38=100000|40=2|44=1.09536|10=000
20260915-18:46:59.209 : 8=FIX.4.4|9=0|35=8|34=285|49=VENUEX|56=BROKER1|52=20260915-18:46:59.209|11=ORD277|39=0|150=0|17=EX285|10=000
20260915-18:46:59.309 : 8=FIX.4.4|9=0|35=D|34=278|49=BROKER1|56=VENUEX|52=20260915-18:46:59.309|11=ORD278|55=GBPUSD|54=1|38=250000|40=2|44=1.05866|10=000
20260915-18:46:59.310 : 8=FIX.4.4|9=0|35=8|34=286|49=VENUEX|56=BROKER1|52=20260915-18:46:59.310|11=ORD278|39=0|150=0|17=EX286|10=000
20260915-18:46:59.410 : 8=FIX.4.4|9=0|35=D|34=279|49=BROKER1|56=VENUEX|52=20260915-18:46:59.410|11=ORD279|55=XAUUSD|54=2|38=100000|40=2|44=1.08158|10=000
20260915-18:46:59.410 : 8=FIX.4.4|9=0|35=8|34=287|49=VENUEX|56=BROKER1|52=20260915-18:46:59.410|11=ORD279|39=0|150=0|17=EX287|10=000
20260915-18:46:59.410 : 8=FIX.4.4|9=0|35=0|34=280|49=BROKER1|56=VENUEX|52=20260915-18:46:59.410|10=000
20260915-18:46:59.411 : 8=FIX.4.4|9=0|35=0|34=288|49=VENUEX|56=BROKER1|52=20260915-18:46:59.411|10=000
20260915-18:46:59.511 : 8=FIX.4.4|9=0|35=D|34=281|49=BROKER1|56=VENUEX|52=20260915-18:46:59.511|11=ORD281|55=GBPUSD|54=1|38=100000|40=2|44=1.05688|10=000
20260915-18:46:59.511 : 8=FIX.4.4|9=0|35=8|34=289|49=VENUEX|56=BROKER1|52=20260915-18:46:59.511|11=ORD281|39=0|150=0|17=EX289|10=000
20260915-18:46:59.611 : 8=FIX.4.4|9=0|35=D|34=282|49=BROKER1|56=VENUEX|52=20260915-18:46:59.611|11=ORD282|55=XAUUSD|54=2|38=100000|40=2|44=1.07962|10=000
20260915-18:46:59.612 : 8=FIX.4.4|9=0|35=8|34=290|49=VENUEX|56=BROKER1|52=20260915-18:46:59.612|11=ORD282|39=0|150=0|17=EX290|10=000
20260915-18:46:59.612 : 8=FIX.4.4|9=0|35=0|34=283|49=BROKER1|56=VENUEX|52=20260915-18:46:59.612|10=000
20260915-18:46:59.612 : 8=FIX.4.4|9=0|35=0|34=291|49=VENUEX|56=BROKER1|52=20260915-18:46:59.612|10=000
20260915-18:46:59.712 : 8=FIX.4.4|9=0|35=D|34=284|49=BROKER1|56=VENUEX|52=20260915-18:46:59.712|11=ORD284|55=EURUSD|54=1|38=250000|40=2|44=1.07536|10=000
20260915-18:46:59.713 : 8=FIX.4.4|9=0|35=8|34=292|49=VENUEX|56=BROKER1|52=20260915-18:46:59.713|11=ORD284|39=0|150=0|17=EX292|10=000
20260915-18:46:59.813 : 8=FIX.4.4|9=0|35=D|34=285|49=BROKER1|56=VENUEX|52=20260915-18:46:59.813|11=ORD285|55=EURUSD|54=1|38=250000|40=2|44=1.07427|10=000
20260915-18:46:59.814 : 8=FIX.4.4|9=0|35=8|34=293|49=VENUEX|56=BROKER1|52=20260915-18:46:59.814|11=ORD285|39=0|150=0|17=EX293|10=000
20260915-18:46:59.814 : 8=FIX.4.4|9=0|35=0|34=286|49=BROKER1|56=VENUEX|52=20260915-18:46:59.814|10=000
20260915-18:46:59.814 : 8=FIX.4.4|9=0|35=0|34=294|49=VENUEX|56=BROKER1|52=20260915-18:46:59.814|10=000
20260915-18:46:59.914 : 8=FIX.4.4|9=0|35=D|34=287|49=BROKER1|56=VENUEX|52=20260915-18:46:59.914|11=ORD287|55=EURUSD|54=2|38=250000|40=2|44=1.06316|10=000
20260915-18:46:59.915 : 8=FIX.4.4|9=0|35=8|34=295|49=VENUEX|56=BROKER1|52=20260915-18:46:59.915|11=ORD287|39=0|150=0|17=EX295|10=000
20260915-18:46:59.915 : 8=FIX.4.4|9=0|35=0|34=288|49=BROKER1|56=VENUEX|52=20260915-18:46:59.915|10=000
20260915-18:46:59.915 : 8=FIX.4.4|9=0|35=0|34=296|49=VENUEX|56=BROKER1|52=20260915-18:46:59.915|10=000
20260915-18:47:00.015 : 8=FIX.4.4|9=0|35=D|34=289|49=BROKER1|56=VENUEX|52=20260915-18:47:00.015|11=ORD289|55=XAUUSD|54=1|38=250000|40=2|44=1.08571|10=000
20260915-18:47:00.016 : 8=FIX.4.4|9=0|35=8|34=297|49=VENUEX|56=BROKER1|52=20260915-18:47:00.016|11=ORD289|39=0|150=0|17=EX297|10=000
20260915-18:47:00.116 : 8=FIX.4.4|9=0|35=D|34=290|49=BROKER1|56=VENUEX|52=20260915-18:47:00.116|11=ORD290|55=XAUUSD|54=1|38=100000|40=2|44=1.07796|10=000
20260915-18:47:00.116 : 8=FIX.4.4|9=0|35=8|34=298|49=VENUEX|56=BROKER1|52=20260915-18:47:00.116|11=ORD290|39=0|150=0|17=EX298|10=000
20260915-18:47:00.217 : 8=FIX.4.4|9=0|35=D|34=291|49=BROKER1|56=VENUEX|52=20260915-18:47:00.217|11=ORD291|55=GBPUSD|54=2|38=100000|40=2|44=1.05273|10=000
20260915-18:47:00.217 : 8=FIX.4.4|9=0|35=8|34=299|49=VENUEX|56=BROKER1|52=20260915-18:47:00.217|11=ORD291|39=0|150=0|17=EX299|10=000
20260915-18:47:00.318 : 8=FIX.4.4|9=0|35=D|34=292|49=BROKER1|56=VENUEX|52=20260915-18:47:00.318|11=ORD292|55=XAUUSD|54=1|38=250000|40=2|44=1.07868|10=000
20260915-18:47:00.318 : 8=FIX.4.4|9=0|35=8|34=300|49=VENUEX|56=BROKER1|52=20260915-18:47:00.318|11=ORD292|39=0|150=0|17=EX300|10=000
20260915-18:47:00.418 : 8=FIX.4.4|9=0|35=D|34=293|49=BROKER1|56=VENUEX|52=20260915-18:47:00.418|11=ORD293|55=EURUSD|54=2|38=250000|40=2|44=1.077|10=000
20260915-18:47:00.419 : 8=FIX.4.4|9=0|35=8|34=301|49=VENUEX|56=BROKER1|52=20260915-18:47:00.419|11=ORD293|39=0|150=0|17=EX301|10=000
20260915-18:47:00.519 : 8=FIX.4.4|9=0|35=D|34=294|49=BROKER1|56=VENUEX|52=20260915-18:47:00.519|11=ORD294|55=GBPUSD|54=2|38=100000|40=2|44=1.06026|10=000
20260915-18:47:00.519 : 8=FIX.4.4|9=0|35=8|34=302|49=VENUEX|56=BROKER1|52=20260915-18:47:00.519|11=ORD294|39=0|150=0|17=EX302|10=000
20260915-18:47:00.519 : 8=FIX.4.4|9=0|35=0|34=295|49=BROKER1|56=VENUEX|52=20260915-18:47:00.519|10=000
20260915-18:47:00.520 : 8=FIX.4.4|9=0|35=0|34=303|49=VENUEX|56=BROKER1|52=20260915-18:47:00.520|10=000
20260915-18:47:00.620 : 8=FIX.4.4|9=0|35=D|34=296|49=BROKER1|56=VENUEX|52=20260915-18:47:00.620|11=ORD296|55=GBPUSD|54=2|38=250000|40=2|44=1.0967|10=000
20260915-18:47:00.620 : 8=FIX.4.4|9=0|35=8|34=304|49=VENUEX|56=BROKER1|52=20260915-18:47:00.620|11=ORD296|39=0|150=0|17=EX304|10=000
20260915-18:47:00.721 : 8=FIX.4.4|9=0|35=D|34=297|49=BROKER1|56=VENUEX|52=20260915-18:47:00.721|11=ORD297|55=GBPUSD|54=2|38=100000|40=2|44=1.07209|10=000
20260915-18:47:00.721 : 8=FIX.4.4|9=0|35=8|34=305|49=VENUEX|56=BROKER1|52=20260915-18:47:00.721|11=ORD297|39=0|150=0|17=EX305|10=000
20260915-18:47:00.821 : 8=FIX.4.4|9=0|35=D|34=298|49=BROKER1|56=VENUEX|52=20260915-18:47:00.821|11=ORD298|55=EURUSD|54=2|38=100000|40=2|44=1.09084|10=000
20260915-18:47:00.821 : 8=FIX.4.4|9=0|35=8|34=306|49=VENUEX|56=BROKER1|52=20260915-18:47:00.821|11=ORD298|39=0|150=0|17=EX306|10=000
20260915-18:47:00.922 : 8=FIX.4.4|9=0|35=D|34=299|49=BROKER1|56=VENUEX|52=20260915-18:47:00.922|11=ORD299|55=EURUSD|54=2|38=100000|40=2|44=1.06961|10=000
20260915-18:47:00.922 : 8=FIX.4.4|9=0|35=8|34=307|49=VENUEX|56=BROKER1|52=20260915-18:47:00.922|11=ORD299|39=0|150=0|17=EX307|10=000
20260915-18:47:00.922 : 8=FIX.4.4|9=0|35=0|34=300|49=BROKER1|56=VENUEX|52=20260915-18:47:00.922|10=000
20260915-18:47:00.922 : 8=FIX.4.4|9=0|35=0|34=308|49=VENUEX|56=BROKER1|52=20260915-18:47:00.922|10=000
20260915-18:47:01.023 : 8=FIX.4.4|9=0|35=D|34=301|49=BROKER1|56=VENUEX|52=20260915-18:47:01.023|11=ORD301|55=EURUSD|54=2|38=250000|40=2|44=1.06357|10=000
20260915-18:47:01.023 : 8=FIX.4.4|9=0|35=8|34=309|49=VENUEX|56=BROKER1|52=20260915-18:47:01.023|11=ORD301|39=0|150=0|17=EX309|10=000
20260915-18:47:01.124 : 8=FIX.4.4|9=0|35=D|34=302|49=BROKER1|56=VENUEX|52=20260915-18:47:01.124|11=ORD302|55=XAUUSD|54=1|38=250000|40=2|44=1.0609|10=000
20260915-18:47:01.124 : 8=FIX.4.4|9=0|35=8|34=310|49=VENUEX|56=BROKER1|52=20260915-18:47:01.124|11=ORD302|39=0|150=0|17=EX310|10=000
20260915-18:47:01.224 : 8=FIX.4.4|9=0|35=D|34=303|49=BROKER1|56=VENUEX|52=20260915-18:47:01.224|11=ORD303|55=EURUSD|54=1|38=250000|40=2|44=1.09777|10=000
20260915-18:47:01.225 : 8=FIX.4.4|9=0|35=8|34=311|49=VENUEX|56=BROKER1|52=20260915-18:47:01.225|11=ORD303|39=0|150=0|17=EX311|10=000
20260915-18:47:01.325 : 8=FIX.4.4|9=0|35=D|34=304|49=BROKER1|56=VENUEX|52=20260915-18:47:01.325|11=ORD304|55=XAUUSD|54=2|38=100000|40=2|44=1.08479|10=000
20260915-18:47:01.325 : 8=FIX.4.4|9=0|35=8|34=312|49=VENUEX|56=BROKER1|52=20260915-18:47:01.325|11=ORD304|39=0|150=0|17=EX312|10=000
20260915-18:47:01.325 : 8=FIX.4.4|9=0|35=0|34=305|49=BROKER1|56=VENUEX|52=20260915-18:47:01.325|10=000
20260915-18:47:01.326 : 8=FIX.4.4|9=0|35=0|34=313|49=VENUEX|56=BROKER1|52=20260915-18:47:01.326|10=000
20260915-18:47:01.426 : 8=FIX.4.4|9=0|35=D|34=306|49=BROKER1|56=VENUEX|52=20260915-18:47:01.426|11=ORD306|55=GBPUSD|54=1|38=250000|40=2|44=1.07024|10=000
20260915-18:47:01.426 : 8=FIX.4.4|9=0|35=8|34=314|49=VENUEX|56=BROKER1|52=20260915-18:47:01.426|11=ORD306|39=0|150=0|17=EX314|10=000
20260915-18:47:01.527 : 8=FIX.4.4|9=0|35=D|34=307|49=BROKER1|56=VENUEX|52=20260915-18:47:01.527|11=ORD307|55=GBPUSD|54=2|38=250000|40=2|44=1.08817|10=000
20260915-18:47:01.527 : 8=FIX.4.4|9=0|35=8|34=315|49=VENUEX|56=BROKER1|52=20260915-18:47:01.527|11=ORD307|39=0|150=0|17=EX315|10=000
20260915-18:47:01.527 : 8=FIX.4.4|9=0|35=0|34=308|49=BROKER1|56=VENUEX|52=20260915-18:47:01.527|10=000
20260915-18:47:01.527 : 8=FIX.4.4|9=0|35=0|34=316|49=VENUEX|56=BROKER1|52=20260915-18:47:01.527|10=000
20260915-18:47:01.628 : 8=FIX.4.4|9=0|35=D|34=309|49=BROKER1|56=VENUEX|52=20260915-18:47:01.628|11=ORD309|55=EURUSD|54=1|38=250000|40=2|44=1.08991|10=000
20260915-18:47:01.628 : 8=FIX.4.4|9=0|35=8|34=317|49=VENUEX|56=BROKER1|52=20260915-18:47:01.628|11=ORD309|39=0|150=0|17=EX317|10=000
20260915-18:47:01.728 : 8=FIX.4.4|9=0|35=D|34=310|49=BROKER1|56=VENUEX|52=20260915-18:47:01.728|11=ORD310|55=XAUUSD|54=2|38=250000|40=2|44=1.0911|10=000
20260915-18:47:01.728 : 8=FIX.4.4|9=0|35=8|34=318|49=VENUEX|56=BROKER1|52=20260915-18:47:01.728|11=ORD310|39=0|150=0|17=EX318|10=000
20260915-18:47:01.729 : 8=FIX.4.4|9=0|35=A|34=311|49=BROKER1|56=VENUEX|52=20260915-18:47:01.729|98=0|108=30|10=000
20260915-18:47:01.729 : 8=FIX.4.4|9=0|35=5|34=319|49=VENUEX|56=BROKER1|52=20260915-18:47:01.729|58=Invalid credentials|10=000
20260915-18:47:01.830 : 8=FIX.4.4|9=0|35=D|34=312|49=BROKER1|56=VENUEX|52=20260915-18:47:01.830|11=ORD312|55=XAUUSD|54=2|38=250000|40=2|44=1.06766|10=000
20260915-18:47:01.830 : 8=FIX.4.4|9=0|35=8|34=320|49=VENUEX|56=BROKER1|52=20260915-18:47:01.830|11=ORD312|39=0|150=0|17=EX320|10=000
20260915-18:47:01.830 : 8=FIX.4.4|9=0|35=0|34=313|49=BROKER1|56=VENUEX|52=20260915-18:47:01.830|10=000
20260915-18:47:01.830 : 8=FIX.4.4|9=0|35=0|34=321|49=VENUEX|56=BROKER1|52=20260915-18:47:01.830|10=000
20260915-18:47:01.931 : 8=FIX.4.4|9=0|35=D|34=314|49=BROKER1|56=VENUEX|52=20260915-18:47:01.931|11=ORD314|55=GBPUSD|54=2|38=250000|40=2|44=1.05012|10=000
20260915-18:47:01.931 : 8=FIX.4.4|9=0|35=8|34=322|49=VENUEX|56=BROKER1|52=20260915-18:47:01.931|11=ORD314|39=0|150=0|17=EX322|10=000
20260915-18:47:01.931 : 8=FIX.4.4|9=0|35=0|34=315|49=BROKER1|56=VENUEX|52=20260915-18:47:01.931|10=000
20260915-18:47:01.931 : 8=FIX.4.4|9=0|35=0|34=323|49=VENUEX|56=BROKER1|52=20260915-18:47:01.931|10=000
20260915-18:47:02.032 : 8=FIX.4.4|9=0|35=D|34=316|49=BROKER1|56=VENUEX|52=20260915-18:47:02.032|11=ORD316|55=EURUSD|54=2|38=250000|40=2|44=1.07593|10=000
20260915-18:47:02.032 : 8=FIX.4.4|9=0|35=8|34=324|49=VENUEX|56=BROKER1|52=20260915-18:47:02.032|11=ORD316|39=0|150=0|17=EX324|10=000
20260915-18:47:02.133 : 8=FIX.4.4|9=0|35=D|34=317|49=BROKER1|56=VENUEX|52=20260915-18:47:02.133|11=ORD317|55=XAUUSD|54=2|38=100000|40=2|44=1.05503|10=000
20260915-18:47:02.133 : 8=FIX.4.4|9=0|35=8|34=325|49=VENUEX|56=BROKER1|52=20260915-18:47:02.133|11=ORD317|39=0|150=0|17=EX325|10=000
20260915-18:47:02.133 : 8=FIX.4.4|9=0|35=0|34=318|49=BROKER1|56=VENUEX|52=20260915-18:47:02.133|10=000
20260915-18:47:02.134 : 8=FIX.4.4|9=0|35=0|34=326|49=VENUEX|56=BROKER1|52=20260915-18:47:02.134|10=000
20260915-18:47:02.234 : 8=FIX.4.4|9=0|35=D|34=319|49=BROKER1|56=VENUEX|52=20260915-18:47:02.234|11=ORD319|55=GBPUSD|54=2|38=100000|40=2|44=1.0988|10=000
20260915-18:47:02.234 : 8=FIX.4.4|9=0|35=8|34=327|49=VENUEX|56=BROKER1|52=20260915-18:47:02.234|11=ORD319|39=0|150=0|17=EX327|10=000
20260915-18:47:02.335 : 8=FIX.4.4|9=0|35=D|34=320|49=BROKER1|56=VENUEX|52=20260915-18:47:02.335|11=ORD320|55=GBPUSD|54=2|38=100000|40=2|44=1.05782|10=000
20260915-18:47:02.335 : 8=FIX.4.4|9=0|35=8|34=328|49=VENUEX|56=BROKER1|52=20260915-18:47:02.335|11=ORD320|39=0|150=0|17=EX328|10=000
20260915-18:47:02.436 : 8=FIX.4.4|9=0|35=D|34=321|49=BROKER1|56=VENUEX|52=20260915-18:47:02.436|11=ORD321|55=GBPUSD|54=2|38=100000|40=2|44=1.08982|10=000
20260915-18:47:02.436 : 8=FIX.4.4|9=0|35=8|34=329|49=VENUEX|56=BROKER1|52=20260915-18:47:02.436|11=ORD321|39=0|150=0|17=EX329|10=000
20260915-18:47:02.536 : 8=FIX.4.4|9=0|35=D|34=322|49=BROKER1|56=VENUEX|52=20260915-18:47:02.536|11=ORD322|55=EURUSD|54=2|38=250000|40=2|44=1.07121|10=000
20260915-18:47:02.537 : 8=FIX.4.4|9=0|35=8|34=330|49=VENUEX|56=BROKER1|52=20260915-18:47:02.536|11=ORD322|39=0|150=0|17=EX330|10=000
20260915-18:47:02.637 : 8=FIX.4.4|9=0|35=D|34=323|49=BROKER1|56=VENUEX|52=20260915-18:47:02.637|11=ORD323|55=EURUSD|54=2|38=250000|40=2|44=1.05291|10=000
20260915-18:47:02.637 : 8=FIX.4.4|9=0|35=8|34=331|49=VENUEX|56=BROKER1|52=20260915-18:47:02.637|11=ORD323|39=0|150=0|17=EX331|10=000
20260915-18:47:02.738 : 8=FIX.4.4|9=0|35=D|34=324|49=BROKER1|56=VENUEX|52=20260915-18:47:02.738|11=ORD324|55=GBPUSD|54=1|38=100000|40=2|44=1.08763|10=000
20260915-18:47:02.738 : 8=FIX.4.4|9=0|35=8|34=332|49=VENUEX|56=BROKER1|52=20260915-18:47:02.738|11=ORD324|39=0|150=0|17=EX332|10=000
20260915-18:47:02.838 : 8=FIX.4.4|9=0|35=D|34=325|49=BROKER1|56=VENUEX|52=20260915-18:47:02.838|11=ORD325|55=EURUSD|54=1|38=100000|40=2|44=1.0698|10=000
20260915-18:47:02.838 : 8=FIX.4.4|9=0|35=8|34=333|49=VENUEX|56=BROKER1|52=20260915-18:47:02.838|11=ORD325|39=0|150=0|17=EX333|10=000
20260915-18:47:02.939 : 8=FIX.4.4|9=0|35=D|34=326|49=BROKER1|56=VENUEX|52=20260915-18:47:02.939|11=ORD326|55=GBPUSD|54=2|38=100000|40=2|44=1.08697|10=000
20260915-18:47:02.939 : 8=FIX.4.4|9=0|35=8|34=334|49=VENUEX|56=BROKER1|52=20260915-18:47:02.939|11=ORD326|39=0|150=0|17=EX334|10=000
20260915-18:47:03.040 : 8=FIX.4.4|9=0|35=D|34=327|49=BROKER1|56=VENUEX|52=20260915-18:47:03.040|11=ORD327|55=EURUSD|54=2|38=250000|40=2|44=1.07223|10=000
20260915-18:47:03.040 : 8=FIX.4.4|9=0|35=8|34=335|49=VENUEX|56=BROKER1|52=20260915-18:47:03.040|11=ORD327|39=0|150=0|17=EX335|10=000
20260915-18:47:03.040 : 8=FIX.4.4|9=0|35=0|34=328|49=BROKER1|56=VENUEX|52=20260915-18:47:03.040|10=000
20260915-18:47:03.040 : 8=FIX.4.4|9=0|35=0|34=336|49=VENUEX|56=BROKER1|52=20260915-18:47:03.040|10=000
20260915-18:47:03.141 : 8=FIX.4.4|9=0|35=D|34=329|49=BROKER1|56=VENUEX|52=20260915-18:47:03.141|11=ORD329|55=XAUUSD|54=1|38=100000|40=2|44=1.07013|10=000
20260915-18:47:03.141 : 8=FIX.4.4|9=0|35=8|34=337|49=VENUEX|56=BROKER1|52=20260915-18:47:03.141|11=ORD329|39=0|150=0|17=EX337|10=000
20260915-18:47:03.141 : 8=FIX.4.4|9=0|35=0|34=330|49=BROKER1|56=VENUEX|52=20260915-18:47:03.141|10=000
20260915-18:47:03.141 : 8=FIX.4.4|9=0|35=0|34=338|49=VENUEX|56=BROKER1|52=20260915-18:47:03.141|10=000
20260915-18:47:03.242 : 8=FIX.4.4|9=0|35=D|34=331|49=BROKER1|56=VENUEX|52=20260915-18:47:03.242|11=ORD331|55=GBPUSD|54=1|38=100000|40=2|44=1.09245|10=000
20260915-18:47:03.242 : 8=FIX.4.4|9=0|35=8|34=339|49=VENUEX|56=BROKER1|52=20260915-18:47:03.242|11=ORD331|39=0|150=0|17=EX339|10=000
20260915-18:47:03.342 : 8=FIX.4.4|9=0|35=D|34=332|49=BROKER1|56=VENUEX|52=20260915-18:47:03.342|11=ORD332|55=XAUUSD|54=2|38=100000|40=2|44=1.07459|10=000
20260915-18:47:03.343 : 8=FIX.4.4|9=0|35=8|34=340|49=VENUEX|56=BROKER1|52=20260915-18:47:03.342|11=ORD332|39=0|150=0|17=EX340|10=000
20260915-18:47:03.343 : 8=FIX.4.4|9=0|35=0|34=333|49=BROKER1|56=VENUEX|52=20260915-18:47:03.343|10=000
20260915-18:47:03.343 : 8=FIX.4.4|9=0|35=0|34=341|49=VENUEX|56=BROKER1|52=20260915-18:47:03.343|10=000
20260915-18:47:03.443 : 8=FIX.4.4|9=0|35=D|34=334|49=BROKER1|56=VENUEX|52=20260915-18:47:03.443|11=ORD334|55=GBPUSD|54=2|38=100000|40=2|44=1.06934|10=000
20260915-18:47:03.443 : 8=FIX.4.4|9=0|35=8|34=342|49=VENUEX|56=BROKER1|52=20260915-18:47:03.443|11=ORD334|39=0|150=0|17=EX342|10=000
20260915-18:47:03.544 : 8=FIX.4.4|9=0|35=D|34=335|49=BROKER1|56=VENUEX|52=20260915-18:47:03.544|11=ORD335|55=GBPUSD|54=1|38=250000|40=2|44=1.05386|10=000
20260915-18:47:03.544 : 8=FIX.4.4|9=0|35=8|34=343|49=VENUEX|56=BROKER1|52=20260915-18:47:03.544|11=ORD335|39=0|150=0|17=EX343|10=000
20260915-18:47:03.644 : 8=FIX.4.4|9=0|35=D|34=336|49=BROKER1|56=VENUEX|52=20260915-18:47:03.644|11=ORD336|55=GBPUSD|54=1|38=250000|40=2|44=1.08356|10=000
20260915-18:47:03.645 : 8=FIX.4.4|9=0|35=8|34=344|49=VENUEX|56=BROKER1|52=20260915-18:47:03.645|11=ORD336|39=0|150=0|17=EX344|10=000
20260915-18:47:03.745 : 8=FIX.4.4|9=0|35=D|34=337|49=BROKER1|56=VENUEX|52=20260915-18:47:03.745|11=ORD337|55=GBPUSD|54=2|38=100000|40=2|44=1.05269|10=000
20260915-18:47:03.745 : 8=FIX.4.4|9=0|35=8|34=345|49=VENUEX|56=BROKER1|52=20260915-18:47:03.745|11=ORD337|39=0|150=0|17=EX345|10=000
20260915-18:47:03.746 : 8=FIX.4.4|9=0|35=0|34=338|49=BROKER1|56=VENUEX|52=20260915-18:47:03.746|10=000
20260915-18:47:03.746 : 8=FIX.4.4|9=0|35=0|34=346|49=VENUEX|56=BROKER1|52=20260915-18:47:03.746|10=000
20260915-18:47:03.846 : 8=FIX.4.4|9=0|35=D|34=339|49=BROKER1|56=VENUEX|52=20260915-18:47:03.846|11=ORD339|55=EURUSD|54=2|38=100000|40=2|44=1.09482|10=000
20260915-18:47:03.846 : 8=FIX.4.4|9=0|35=8|34=347|49=VENUEX|56=BROKER1|52=20260915-18:47:03.846|11=ORD339|39=0|150=0|17=EX347|10=000
20260915-18:47:03.947 : 8=FIX.4.4|9=0|35=D|34=340|49=BROKER1|56=VENUEX|52=20260915-18:47:03.947|11=ORD340|55=XAUUSD|54=1|38=100000|40=2|44=1.0975|10=000
20260915-18:47:03.947 : 8=FIX.4.4|9=0|35=8|34=348|49=VENUEX|56=BROKER1|52=20260915-18:47:03.947|11=ORD340|39=0|150=0|17=EX348|10=000
20260915-18:47:04.047 : 8=FIX.4.4|9=0|35=D|34=341|49=BROKER1|56=VENUEX|52=20260915-18:47:04.047|11=ORD341|55=GBPUSD|54=2|38=250000|40=2|44=1.06096|10=000
20260915-18:47:04.047 : 8=FIX.4.4|9=0|35=8|34=349|49=VENUEX|56=BROKER1|52=20260915-18:47:04.047|11=ORD341|39=0|150=0|17=EX349|10=000
20260915-18:47:04.148 : 8=FIX.4.4|9=0|35=D|34=342|49=BROKER1|56=VENUEX|52=20260915-18:47:04.148|11=ORD342|55=EURUSD|54=2|38=100000|40=2|44=1.08895|10=000
20260915-18:47:04.148 : 8=FIX.4.4|9=0|35=8|34=350|49=VENUEX|56=BROKER1|52=20260915-18:47:04.148|11=ORD342|39=0|150=0|17=EX350|10=000
20260915-18:47:04.248 : 8=FIX.4.4|9=0|35=D|34=343|49=BROKER1|56=VENUEX|52=20260915-18:47:04.248|11=ORD343|55=EURUSD|54=2|38=250000|40=2|44=1.09358|10=000
20260915-18:47:04.249 : 8=FIX.4.4|9=0|35=8|34=351|49=VENUEX|56=BROKER1|52=20260915-18:47:04.249|11=ORD343|39=0|150=0|17=EX351|10=000
20260915-18:47:04.349 : 8=FIX.4.4|9=0|35=D|34=344|49=BROKER1|56=VENUEX|52=20260915-18:47:04.349|11=ORD344|55=XAUUSD|54=1|38=100000|40=2|44=1.09074|10=000
20260915-18:47:04.349 : 8=FIX.4.4|9=0|35=8|34=352|49=VENUEX|56=BROKER1|52=20260915-18:47:04.349|11=ORD344|39=0|150=0|17=EX352|10=000
20260915-18:47:04.449 : 8=FIX.4.4|9=0|35=D|34=345|49=BROKER1|56=VENUEX|52=20260915-18:47:04.449|11=ORD345|55=XAUUSD|54=1|38=250000|40=2|44=1.0968|10=000
20260915-18:47:04.450 : 8=FIX.4.4|9=0|35=8|34=353|49=VENUEX|56=BROKER1|52=20260915-18:47:04.450|11=ORD345|39=0|150=0|17=EX353|10=000
20260915-18:47:04.550 : 8=FIX.4.4|9=0|35=D|34=346|49=BROKER1|56=VENUEX|52=20260915-18:47:04.550|11=ORD346|55=EURUSD|54=2|38=100000|40=2|44=1.06315|10=000
20260915-18:47:04.550 : 8=FIX.4.4|9=0|35=8|34=354|49=VENUEX|56=BROKER1|52=20260915-18:47:04.550|11=ORD346|39=0|150=0|17=EX354|10=000
20260915-18:47:04.551 : 8=FIX.4.4|9=0|35=0|34=347|49=BROKER1|56=VENUEX|52=20260915-18:47:04.551|10=000
20260915-18:47:04.551 : 8=FIX.4.4|9=0|35=0|34=355|49=VENUEX|56=BROKER1|52=20260915-18:47:04.551|10=000
20260915-18:47:04.651 : 8=FIX.4.4|9=0|35=D|34=348|49=BROKER1|56=VENUEX|52=20260915-18:47:04.651|11=ORD348|55=GBPUSD|54=1|38=100000|40=2|44=1.08049|10=000
20260915-18:47:04.651 : 8=FIX.4.4|9=0|35=8|34=356|49=VENUEX|56=BROKER1|52=20260915-18:47:04.651|11=ORD348|39=0|150=0|17=EX356|10=000
20260915-18:47:04.652 : 8=FIX.4.4|9=0|35=0|34=349|49=BROKER1|56=VENUEX|52=20260915-18:47:04.652|10=000
20260915-18:47:04.652 : 8=FIX.4.4|9=0|35=0|34=357|49=VENUEX|56=BROKER1|52=20260915-18:47:04.652|10=000
20260915-18:47:04.752 : 8=FIX.4.4|9=0|35=D|34=350|49=BROKER1|56=VENUEX|52=20260915-18:47:04.752|11=ORD350|55=EURUSD|54=2|38=250000|40=2|44=1.09041|10=000
20260915-18:47:04.752 : 8=FIX.4.4|9=0|35=8|34=358|49=VENUEX|56=BROKER1|52=20260915-18:47:04.752|11=ORD350|39=0|150=0|17=EX358|10=000
20260915-18:47:04.853 : 8=FIX.4.4|9=0|35=D|34=351|49=BROKER1|56=VENUEX|52=20260915-18:47:04.853|11=ORD351|55=XAUUSD|54=2|38=100000|40=2|44=1.08887|10=000
20260915-18:47:04.853 : 8=FIX.4.4|9=0|35=8|34=359|49=VENUEX|56=BROKER1|52=20260915-18:47:04.853|11=ORD351|39=0|150=0|17=EX359|10=000
20260915-18:47:04.953 : 8=FIX.4.4|9=0|35=D|34=352|49=BROKER1|56=VENUEX|52=20260915-18:47:04.953|11=ORD352|55=GBPUSD|54=2|38=250000|40=2|44=1.05796|10=000
20260915-18:47:04.953 : 8=FIX.4.4|9=0|35=8|34=360|49=VENUEX|56=BROKER1|52=20260915-18:47:04.953|11=ORD352|39=0|150=0|17=EX360|10=000
20260915-18:47:05.054 : 8=FIX.4.4|9=0|35=D|34=353|49=BROKER1|56=VENUEX|52=20260915-18:47:05.054|11=ORD353|55=GBPUSD|54=1|38=250000|40=2|44=1.08905|10=000
20260915-18:47:05.054 : 8=FIX.4.4|9=0|35=8|34=361|49=VENUEX|56=BROKER1|52=20260915-18:47:05.054|11=ORD353|39=0|150=0|17=EX361|10=000
20260915-18:47:05.155 : 8=FIX.4.4|9=0|35=D|34=354|49=BROKER1|56=VENUEX|52=20260915-18:47:05.155|11=ORD354|55=EURUSD|54=2|38=250000|40=2|44=1.08833|10=000
20260915-18:47:05.155 : 8=FIX.4.4|9=0|35=8|34=362|49=VENUEX|56=BROKER1|52=20260915-18:47:05.155|11=ORD354|39=0|150=0|17=EX362|10=000
20260915-18:47:05.255 : 8=FIX.4.4|9=0|35=D|34=355|49=BROKER1|56=VENUEX|52=20260915-18:47:05.255|11=ORD355|55=XAUUSD|54=1|38=100000|40=2|44=1.05066|10=000
20260915-18:47:05.256 : 8=FIX.4.4|9=0|35=8|34=363|49=VENUEX|56=BROKER1|52=20260915-18:47:05.256|11=ORD355|39=0|150=0|17=EX363|10=000
20260915-18:47:05.256 : 8=FIX.4.4|9=0|35=0|34=356|49=BROKER1|56=VENUEX|52=20260915-18:47:05.256|10=000
20260915-18:47:05.256 : 8=FIX.4.4|9=0|35=0|34=364|49=VENUEX|56=BROKER1|52=20260915-18:47:05.256|10=000
20260915-18:47:05.357 : 8=FIX.4.4|9=0|35=D|34=357|49=BROKER1|56=VENUEX|52=20260915-18:47:05.357|11=ORD357|55=GBPUSD|54=1|38=100000|40=2|44=1.06195|10=000
20260915-18:47:05.357 : 8=FIX.4.4|9=0|35=8|34=365|49=VENUEX|56=BROKER1|52=20260915-18:47:05.357|11=ORD357|39=0|150=0|17=EX365|10=000
20260915-18:47:05.357 : 8=FIX.4.4|9=0|35=0|34=358|49=BROKER1|56=VENUEX|52=20260915-18:47:05.357|10=000
20260915-18:47:05.357 : 8=FIX.4.4|9=0|35=0|34=366|49=VENUEX|56=BROKER1|52=20260915-18:47:05.357|10=000
20260915-18:47:05.457 : 8=FIX.4.4|9=0|35=D|34=359|49=BROKER1|56=VENUEX|52=20260915-18:47:05.457|11=ORD359|55=XAUUSD|54=1|38=100000|40=2|44=1.0771|10=000
20260915-18:47:05.458 : 8=FIX.4.4|9=0|35=8|34=367|49=VENUEX|56=BROKER1|52=20260915-18:47:05.458|11=ORD359|39=0|150=0|17=EX367|10=000
20260915-18:47:05.558 : 8=FIX.4.4|9=0|35=D|34=360|49=BROKER1|56=VENUEX|52=20260915-18:47:05.558|11=ORD360|55=EURUSD|54=2|38=100000|40=2|44=1.06799|10=000
20260915-18:47:05.558 : 8=FIX.4.4|9=0|35=8|34=368|49=VENUEX|56=BROKER1|52=20260915-18:47:05.558|11=ORD360|39=0|150=0|17=EX368|10=000
20260915-18:47:05.558 : 8=FIX.4.4|9=0|35=0|34=361|49=BROKER1|56=VENUEX|52=20260915-18:47:05.558|10=000
20260915-18:47:05.559 : 8=FIX.4.4|9=0|35=0|34=369|49=VENUEX|56=BROKER1|52=20260915-18:47:05.559|10=000
20260915-18:47:05.659 : 8=FIX.4.4|9=0|35=D|34=362|49=BROKER1|56=VENUEX|52=20260915-18:47:05.659|11=ORD362|55=EURUSD|54=1|38=250000|40=2|44=1.09029|10=000
20260915-18:47:05.660 : 8=FIX.4.4|9=0|35=8|34=370|49=VENUEX|56=BROKER1|52=20260915-18:47:05.660|11=ORD362|39=0|150=0|17=EX370|10=000
20260915-18:47:05.660 : 8=FIX.4.4|9=0|35=0|34=363|49=BROKER1|56=VENUEX|52=20260915-18:47:05.660|10=000
20260915-18:47:05.660 : 8=FIX.4.4|9=0|35=0|34=371|49=VENUEX|56=BROKER1|52=20260915-18:47:05.660|10=000
20260915-18:47:05.761 : 8=FIX.4.4|9=0|35=D|34=364|49=BROKER1|56=VENUEX|52=20260915-18:47:05.761|11=ORD364|55=EURUSD|54=2|38=100000|40=2|44=1.09114|10=000
20260915-18:47:05.761 : 8=FIX.4.4|9=0|35=8|34=372|49=VENUEX|56=BROKER1|52=20260915-18:47:05.761|11=ORD364|39=0|150=0|17=EX372|10=000
20260915-18:47:05.861 : 8=FIX.4.4|9=0|35=D|34=365|49=BROKER1|56=VENUEX|52=20260915-18:47:05.861|11=ORD365|55=XAUUSD|54=2|38=250000|40=2|44=1.06342|10=000
20260915-18:47:05.862 : 8=FIX.4.4|9=0|35=8|34=373|49=VENUEX|56=BROKER1|52=20260915-18:47:05.862|11=ORD365|39=0|150=0|17=EX373|10=000
20260915-18:47:05.963 : 8=FIX.4.4|9=0|35=D|34=366|49=BROKER1|56=VENUEX|52=20260915-18:47:05.963|11=ORD366|55=XAUUSD|54=1|38=250000|40=2|44=1.09584|10=000
20260915-18:47:05.963 : 8=FIX.4.4|9=0|35=8|34=374|49=VENUEX|56=BROKER1|52=20260915-18:47:05.963|11=ORD366|39=0|150=0|17=EX374|10=000
20260915-18:47:06.064 : 8=FIX.4.4|9=0|35=D|34=367|49=BROKER1|56=VENUEX|52=20260915-18:47:06.064|11=ORD367|55=GBPUSD|54=1|38=250000|40=2|44=1.07666|10=000
20260915-18:47:06.065 : 8=FIX.4.4|9=0|35=8|34=375|49=VENUEX|56=BROKER1|52=20260915-18:47:06.065|11=ORD367|39=0|150=0|17=EX375|10=000
20260915-18:47:06.165 : 8=FIX.4.4|9=0|35=D|34=368|49=BROKER1|56=VENUEX|52=20260915-18:47:06.165|11=ORD368|55=EURUSD|54=2|38=100000|40=2|44=1.07383|10=000
20260915-18:47:06.166 : 8=FIX.4.4|9=0|35=8|34=376|49=VENUEX|56=BROKER1|52=20260915-18:47:06.166|11=ORD368|39=0|150=0|17=EX376|10=000
20260915-18:47:06.166 : 8=FIX.4.4|9=0|35=0|34=369|49=BROKER1|56=VENUEX|52=20260915-18:47:06.166|10=000
20260915-18:47:06.167 : 8=FIX.4.4|9=0|35=0|34=377|49=VENUEX|56=BROKER1|52=20260915-18:47:06.167|10=000
20260915-18:47:06.267 : 8=FIX.4.4|9=0|35=D|34=370|49=BROKER1|56=VENUEX|52=20260915-18:47:06.267|11=ORD370|55=GBPUSD|54=2|38=250000|40=2|44=1.07744|10=000
20260915-18:47:06.268 : 8=FIX.4.4|9=0|35=8|34=378|49=VENUEX|56=BROKER1|52=20260915-18:47:06.267|11=ORD370|39=0|150=0|17=EX378|10=000
20260915-18:47:06.368 : 8=FIX.4.4|9=0|35=D|34=371|49=BROKER1|56=VENUEX|52=20260915-18:47:06.368|11=ORD371|55=GBPUSD|54=1|38=100000|40=2|44=1.0936|10=000
20260915-18:47:06.368 : 8=FIX.4.4|9=0|35=8|34=379|49=VENUEX|56=BROKER1|52=20260915-18:47:06.368|11=ORD371|39=0|150=0|17=EX379|10=000
20260915-18:47:06.468 : 8=FIX.4.4|9=0|35=D|34=372|49=BROKER1|56=VENUEX|52=20260915-18:47:06.468|11=ORD372|55=EURUSD|54=2|38=250000|40=2|44=1.05514|10=000
20260915-18:47:06.469 : 8=FIX.4.4|9=0|35=8|34=380|49=VENUEX|56=BROKER1|52=20260915-18:47:06.469|11=ORD372|39=0|150=0|17=EX380|10=000
20260915-18:47:06.569 : 8=FIX.4.4|9=0|35=D|34=373|49=BROKER1|56=VENUEX|52=20260915-18:47:06.569|11=ORD373|55=EURUSD|54=1|38=100000|40=2|44=1.05836|10=000
20260915-18:47:06.569 : 8=FIX.4.4|9=0|35=8|34=381|49=VENUEX|56=BROKER1|52=20260915-18:47:06.569|11=ORD373|39=0|150=0|17=EX381|10=000
20260915-18:47:06.670 : 8=FIX.4.4|9=0|35=D|34=374|49=BROKER1|56=VENUEX|52=20260915-18:47:06.670|11=ORD374|55=GBPUSD|54=1|38=250000|40=2|44=1.05052|10=000
20260915-18:47:06.670 : 8=FIX.4.4|9=0|35=8|34=382|49=VENUEX|56=BROKER1|52=20260915-18:47:06.670|11=ORD374|39=0|150=0|17=EX382|10=000
20260915-18:47:06.770 : 8=FIX.4.4|9=0|35=D|34=375|49=BROKER1|56=VENUEX|52=20260915-18:47:06.770|11=ORD375|55=XAUUSD|54=1|38=100000|40=2|44=1.06819|10=000
20260915-18:47:06.771 : 8=FIX.4.4|9=0|35=8|34=383|49=VENUEX|56=BROKER1|52=20260915-18:47:06.771|11=ORD375|39=0|150=0|17=EX383|10=000
20260915-18:47:06.871 : 8=FIX.4.4|9=0|35=D|34=376|49=BROKER1|56=VENUEX|52=20260915-18:47:06.871|11=ORD376|55=EURUSD|54=2|38=100000|40=2|44=1.06242|10=000
20260915-18:47:06.872 : 8=FIX.4.4|9=0|35=8|34=384|49=VENUEX|56=BROKER1|52=20260915-18:47:06.872|11=ORD376|39=0|150=0|17=EX384|10=000
20260915-18:47:06.973 : 8=FIX.4.4|9=0|35=D|34=377|49=BROKER1|56=VENUEX|52=20260915-18:47:06.972|11=ORD377|55=XAUUSD|54=1|38=250000|40=2|44=1.05192|10=000
20260915-18:47:06.973 : 8=FIX.4.4|9=0|35=8|34=385|49=VENUEX|56=BROKER1|52=20260915-18:47:06.973|11=ORD377|39=0|150=0|17=EX385|10=000
20260915-18:47:07.073 : 8=FIX.4.4|9=0|35=D|34=378|49=BROKER1|56=VENUEX|52=20260915-18:47:07.073|11=ORD378|55=GBPUSD|54=2|38=250000|40=2|44=1.07156|10=000
20260915-18:47:07.073 : 8=FIX.4.4|9=0|35=8|34=386|49=VENUEX|56=BROKER1|52=20260915-18:47:07.073|11=ORD378|39=0|150=0|17=EX386|10=000
20260915-18:47:07.174 : 8=FIX.4.4|9=0|35=D|34=379|49=BROKER1|56=VENUEX|52=20260915-18:47:07.174|11=ORD379|55=XAUUSD|54=2|38=100000|40=2|44=1.07271|10=000
20260915-18:47:07.174 : 8=FIX.4.4|9=0|35=8|34=387|49=VENUEX|56=BROKER1|52=20260915-18:47:07.174|11=ORD379|39=0|150=0|17=EX387|10=000
20260915-18:47:07.275 : 8=FIX.4.4|9=0|35=D|34=380|49=BROKER1|56=VENUEX|52=20260915-18:47:07.275|11=ORD380|55=EURUSD|54=1|38=100000|40=2|44=1.06781|10=000
20260915-18:47:07.275 : 8=FIX.4.4|9=0|35=8|34=388|49=VENUEX|56=BROKER1|52=20260915-18:47:07.275|11=ORD380|39=0|150=0|17=EX388|10=000
20260915-18:47:07.376 : 8=FIX.4.4|9=0|35=D|34=381|49=BROKER1|56=VENUEX|52=20260915-18:47:07.376|11=ORD381|55=GBPUSD|54=2|38=250000|40=2|44=1.07825|10=000
20260915-18:47:07.376 : 8=FIX.4.4|9=0|35=8|34=389|49=VENUEX|56=BROKER1|52=20260915-18:47:07.376|11=ORD381|39=0|150=0|17=EX389|10=000
20260915-18:47:07.476 : 8=FIX.4.4|9=0|35=D|34=382|49=BROKER1|56=VENUEX|52=20260915-18:47:07.476|11=ORD382|55=EURUSD|54=2|38=250000|40=2|44=1.07303|10=000
20260915-18:47:07.477 : 8=FIX.4.4|9=0|35=8|34=390|49=VENUEX|56=BROKER1|52=20260915-18:47:07.476|11=ORD382|39=0|150=0|17=EX390|10=000
20260915-18:47:07.577 : 8=FIX.4.4|9=0|35=D|34=383|49=BROKER1|56=VENUEX|52=20260915-18:47:07.577|11=ORD383|55=XAUUSD|54=1|38=250000|40=2|44=1.06025|10=000
20260915-18:47:07.577 : 8=FIX.4.4|9=0|35=8|34=391|49=VENUEX|56=BROKER1|52=20260915-18:47:07.577|11=ORD383|39=0|150=0|17=EX391|10=000
20260915-18:47:07.678 : 8=FIX.4.4|9=0|35=D|34=384|49=BROKER1|56=VENUEX|52=20260915-18:47:07.678|11=ORD384|55=EURUSD|54=2|38=100000|40=2|44=1.07476|10=000
20260915-18:47:07.678 : 8=FIX.4.4|9=0|35=8|34=392|49=VENUEX|56=BROKER1|52=20260915-18:47:07.678|11=ORD384|39=0|150=0|17=EX392|10=000
20260915-18:47:07.678 : 8=FIX.4.4|9=0|35=0|34=385|49=BROKER1|56=VENUEX|52=20260915-18:47:07.678|10=000
20260915-18:47:07.678 : 8=FIX.4.4|9=0|35=0|34=393|49=VENUEX|56=BROKER1|52=20260915-18:47:07.678|10=000
20260915-18:47:07.779 : 8=FIX.4.4|9=0|35=D|34=386|49=BROKER1|56=VENUEX|52=20260915-18:47:07.779|11=ORD386|55=GBPUSD|54=1|38=250000|40=2|44=1.05808|10=000
20260915-18:47:07.780 : 8=FIX.4.4|9=0|35=8|34=394|49=VENUEX|56=BROKER1|52=20260915-18:47:07.780|11=ORD386|39=0|150=0|17=EX394|10=000
20260915-18:47:07.880 : 8=FIX.4.4|9=0|35=D|34=387|49=BROKER1|56=VENUEX|52=20260915-18:47:07.880|11=ORD387|55=GBPUSD|54=2|38=250000|40=2|44=1.09017|10=000
20260915-18:47:07.880 : 8=FIX.4.4|9=0|35=8|34=395|49=VENUEX|56=BROKER1|52=20260915-18:47:07.880|11=ORD387|39=0|150=0|17=EX395|10=000
20260915-18:47:07.880 : 8=FIX.4.4|9=0|35=0|34=388|49=BROKER1|56=VENUEX|52=20260915-18:47:07.880|10=000
20260915-18:47:07.881 : 8=FIX.4.4|9=0|35=0|34=396|49=VENUEX|56=BROKER1|52=20260915-18:47:07.881|10=000
20260915-18:47:07.981 : 8=FIX.4.4|9=0|35=D|34=389|49=BROKER1|56=VENUEX|52=20260915-18:47:07.981|11=ORD389|55=XAUUSD|54=1|38=250000|40=2|44=1.06087|10=000
20260915-18:47:07.981 : 8=FIX.4.4|9=0|35=8|34=397|49=VENUEX|56=BROKER1|52=20260915-18:47:07.981|11=ORD389|39=0|150=0|17=EX397|10=000
20260915-18:47:08.082 : 8=FIX.4.4|9=0|35=D|34=390|49=BROKER1|56=VENUEX|52=20260915-18:47:08.082|11=ORD390|55=GBPUSD|54=1|38=250000|40=2|44=1.05918|10=000
20260915-18:47:08.082 : 8=FIX.4.4|9=0|35=8|34=398|49=VENUEX|56=BROKER1|52=20260915-18:47:08.082|11=ORD390|39=0|150=0|17=EX398|10=000
20260915-18:47:08.183 : 8=FIX.4.4|9=0|35=D|34=391|49=BROKER1|56=VENUEX|52=20260915-18:47:08.182|11=ORD391|55=GBPUSD|54=2|38=250000|40=2|44=1.07625|10=000
20260915-18:47:08.183 : 8=FIX.4.4|9=0|35=8|34=399|49=VENUEX|56=BROKER1|52=20260915-18:47:08.183|11=ORD391|39=0|150=0|17=EX399|10=000
20260915-18:47:08.284 : 8=FIX.4.4|9=0|35=D|34=392|49=BROKER1|56=VENUEX|52=20260915-18:47:08.283|11=ORD392|55=EURUSD|54=2|38=250000|40=2|44=1.05588|10=000
20260915-18:47:08.284 : 8=FIX.4.4|9=0|35=8|34=400|49=VENUEX|56=BROKER1|52=20260915-18:47:08.284|11=ORD392|39=0|150=0|17=EX400|10=000
20260915-18:47:08.284 : 8=FIX.4.4|9=0|35=0|34=393|49=BROKER1|56=VENUEX|52=20260915-18:47:08.284|10=000
20260915-18:47:08.284 : 8=FIX.4.4|9=0|35=0|34=401|49=VENUEX|56=BROKER1|52=20260915-18:47:08.284|10=000
20260915-18:47:08.384 : 8=FIX.4.4|9=0|35=D|34=394|49=BROKER1|56=VENUEX|52=20260915-18:47:08.384|11=ORD394|55=XAUUSD|54=1|38=100000|40=2|44=1.05849|10=000
20260915-18:47:08.385 : 8=FIX.4.4|9=0|35=8|34=402|49=VENUEX|56=BROKER1|52=20260915-18:47:08.385|11=ORD394|39=0|150=0|17=EX402|10=000
20260915-18:47:08.485 : 8=FIX.4.4|9=0|35=D|34=395|49=BROKER1|56=VENUEX|52=20260915-18:47:08.485|11=ORD395|55=XAUUSD|54=2|38=250000|40=2|44=1.08464|10=000
20260915-18:47:08.485 : 8=FIX.4.4|9=0|35=8|34=403|49=VENUEX|56=BROKER1|52=20260915-18:47:08.485|11=ORD395|39=0|150=0|17=EX403|10=000
20260915-18:47:08.586 : 8=FIX.4.4|9=0|35=D|34=396|49=BROKER1|56=VENUEX|52=20260915-18:47:08.586|11=ORD396|55=GBPUSD|54=2|38=100000|40=2|44=1.08606|10=000
20260915-18:47:08.586 : 8=FIX.4.4|9=0|35=8|34=404|49=VENUEX|56=BROKER1|52=20260915-18:47:08.586|11=ORD396|39=0|150=0|17=EX404|10=000
20260915-18:47:08.687 : 8=FIX.4.4|9=0|35=D|34=397|49=BROKER1|56=VENUEX|52=20260915-18:47:08.687|11=ORD397|55=GBPUSD|54=1|38=250000|40=2|44=1.09238|10=000
20260915-18:47:08.687 : 8=FIX.4.4|9=0|35=8|34=405|49=VENUEX|56=BROKER1|52=20260915-18:47:08.687|11=ORD397|39=0|150=0|17=EX405|10=000
20260915-18:47:08.787 : 8=FIX.4.4|9=0|35=D|34=398|49=BROKER1|56=VENUEX|52=20260915-18:47:08.787|11=ORD398|55=XAUUSD|54=1|38=250000|40=2|44=1.08752|10=000
20260915-18:47:08.787 : 8=FIX.4.4|9=0|35=8|34=406|49=VENUEX|56=BROKER1|52=20260915-18:47:08.787|11=ORD398|39=0|150=0|17=EX406|10=000
20260915-18:47:08.788 : 8=FIX.4.4|9=0|35=0|34=399|49=BROKER1|56=VENUEX|52=20260915-18:47:08.788|10=000
20260915-18:47:08.788 : 8=FIX.4.4|9=0|35=0|34=407|49=VENUEX|56=BROKER1|52=20260915-18:47:08.788|10=000
20260915-18:47:08.888 : 8=FIX.4.4|9=0|35=D|34=400|49=BROKER1|56=VENUEX|52=20260915-18:47:08.888|11=ORD400|55=XAUUSD|54=2|38=100000|40=2|44=1.06402|10=000
20260915-18:47:08.889 : 8=FIX.4.4|9=0|35=8|34=408|49=VENUEX|56=BROKER1|52=20260915-18:47:08.889|11=ORD400|39=0|150=0|17=EX408|10=000
20260915-18:47:08.889 : 8=FIX.4.4|9=0|35=0|34=401|49=BROKER1|56=VENUEX|52=20260915-18:47:08.889|10=000
20260915-18:47:08.889 : 8=FIX.4.4|9=0|35=0|34=409|49=VENUEX|56=BROKER1|52=20260915-18:47:08.889|10=000
20260915-18:47:08.990 : 8=FIX.4.4|9=0|35=D|34=402|49=BROKER1|56=VENUEX|52=20260915-18:47:08.990|11=ORD402|55=GBPUSD|54=1|38=100000|40=2|44=1.07099|10=000
20260915-18:47:08.990 : 8=FIX.4.4|9=0|35=8|34=410|49=VENUEX|56=BROKER1|52=20260915-18:47:08.990|11=ORD402|39=0|150=0|17=EX410|10=000
20260915-18:47:09.090 : 8=FIX.4.4|9=0|35=D|34=403|49=BROKER1|56=VENUEX|52=20260915-18:47:09.090|11=ORD403|55=GBPUSD|54=1|38=100000|40=2|44=1.0535|10=000
20260915-18:47:09.091 : 8=FIX.4.4|9=0|35=8|34=411|49=VENUEX|56=BROKER1|52=20260915-18:47:09.091|11=ORD403|39=0|150=0|17=EX411|10=000
20260915-18:47:09.191 : 8=FIX.4.4|9=0|35=D|34=404|49=BROKER1|56=VENUEX|52=20260915-18:47:09.191|11=ORD404|55=XAUUSD|54=2|38=100000|40=2|44=1.05306|10=000
20260915-18:47:09.191 : 8=FIX.4.4|9=0|35=8|34=412|49=VENUEX|56=BROKER1|52=20260915-18:47:09.191|11=ORD404|39=0|150=0|17=EX412|10=000
20260915-18:47:09.292 : 8=FIX.4.4|9=0|35=D|34=405|49=BROKER1|56=VENUEX|52=20260915-18:47:09.292|11=ORD405|55=XAUUSD|54=1|38=250000|40=2|44=1.09466|10=000
20260915-18:47:09.292 : 8=FIX.4.4|9=0|35=8|34=413|49=VENUEX|56=BROKER1|52=20260915-18:47:09.292|11=ORD405|39=0|150=0|17=EX413|10=000
20260915-18:47:09.392 : 8=FIX.4.4|9=0|35=D|34=406|49=BROKER1|56=VENUEX|52=20260915-18:47:09.392|11=ORD406|55=GBPUSD|54=2|38=250000|40=2|44=1.06219|10=000
20260915-18:47:09.393 : 8=FIX.4.4|9=0|35=8|34=414|49=VENUEX|56=BROKER1|52=20260915-18:47:09.393|11=ORD406|39=0|150=0|17=EX414|10=000
20260915-18:47:09.393 : 8=FIX.4.4|9=0|35=0|34=407|49=BROKER1|56=VENUEX|52=20260915-18:47:09.393|10=000
20260915-18:47:09.393 : 8=FIX.4.4|9=0|35=0|34=415|49=VENUEX|56=BROKER1|52=20260915-18:47:09.393|10=000
20260915-18:47:09.493 : 8=FIX.4.4|9=0|35=D|34=408|49=BROKER1|56=VENUEX|52=20260915-18:47:09.493|11=ORD408|55=EURUSD|54=1|38=250000|40=2|44=1.09442|10=000
20260915-18:47:09.494 : 8=FIX.4.4|9=0|35=8|34=416|49=VENUEX|56=BROKER1|52=20260915-18:47:09.494|11=ORD408|39=0|150=0|17=EX416|10=000
20260915-18:47:09.594 : 8=FIX.4.4|9=0|35=D|34=409|49=BROKER1|56=VENUEX|52=20260915-18:47:09.594|11=ORD409|55=GBPUSD|54=2|38=250000|40=2|44=1.06971|10=000
20260915-18:47:09.594 : 8=FIX.4.4|9=0|35=8|34=417|49=VENUEX|56=BROKER1|52=20260915-18:47:09.594|11=ORD409|39=0|150=0|17=EX417|10=000
20260915-18:47:09.695 : 8=FIX.4.4|9=0|35=D|34=410|49=BROKER1|56=VENUEX|52=20260915-18:47:09.695|11=ORD410|55=EURUSD|54=1|38=100000|40=2|44=1.07911|10=000
20260915-18:47:09.695 : 8=FIX.4.4|9=0|35=8|34=418|49=VENUEX|56=BROKER1|52=20260915-18:47:09.695|11=ORD410|39=0|150=0|17=EX418|10=000
20260915-18:47:09.695 : 8=FIX.4.4|9=0|35=0|34=411|49=BROKER1|56=VENUEX|52=20260915-18:47:09.695|10=000
20260915-18:47:09.695 : 8=FIX.4.4|9=0|35=0|34=419|49=VENUEX|56=BROKER1|52=20260915-18:47:09.695|10=000
20260915-18:47:09.796 : 8=FIX.4.4|9=0|35=D|34=412|49=BROKER1|56=VENUEX|52=20260915-18:47:09.796|11=ORD412|55=EURUSD|54=2|38=250000|40=2|44=1.07714|10=000
20260915-18:47:09.796 : 8=FIX.4.4|9=0|35=8|34=420|49=VENUEX|56=BROKER1|52=20260915-18:47:09.796|11=ORD412|39=0|150=0|17=EX420|10=000
20260915-18:47:09.896 : 8=FIX.4.4|9=0|35=D|34=413|49=BROKER1|56=VENUEX|52=20260915-18:47:09.896|11=ORD413|55=GBPUSD|54=1|38=250000|40=2|44=1.05653|10=000
20260915-18:47:09.897 : 8=FIX.4.4|9=0|35=8|34=421|49=VENUEX|56=BROKER1|52=20260915-18:47:09.897|11=ORD413|39=0|150=0|17=EX421|10=000
20260915-18:47:09.997 : 8=FIX.4.4|9=0|35=D|34=414|49=BROKER1|56=VENUEX|52=20260915-18:47:09.997|11=ORD414|55=EURUSD|54=2|38=100000|40=2|44=1.08813|10=000
20260915-18:47:09.998 : 8=FIX.4.4|9=0|35=8|34=422|49=VENUEX|56=BROKER1|52=20260915-18:47:09.998|11=ORD414|39=0|150=0|17=EX422|10=000
20260915-18:47:10.098 : 8=FIX.4.4|9=0|35=D|34=415|49=BROKER1|56=VENUEX|52=20260915-18:47:10.098|11=ORD415|55=GBPUSD|54=2|38=250000|40=2|44=1.07811|10=000
20260915-18:47:10.099 : 8=FIX.4.4|9=0|35=8|34=423|49=VENUEX|56=BROKER1|52=20260915-18:47:10.099|11=ORD415|39=0|150=0|17=EX423|10=000
20260915-18:47:10.199 : 8=FIX.4.4|9=0|35=D|34=416|49=BROKER1|56=VENUEX|52=20260915-18:47:10.199|11=ORD416|55=XAUUSD|54=1|38=100000|40=2|44=1.07132|10=000
20260915-18:47:10.199 : 8=FIX.4.4|9=0|35=8|34=424|49=VENUEX|56=BROKER1|52=20260915-18:47:10.199|11=ORD416|39=0|150=0|17=EX424|10=000
20260915-18:47:10.300 : 8=FIX.4.4|9=0|35=D|34=417|49=BROKER1|56=VENUEX|52=20260915-18:47:10.300|11=ORD417|55=EURUSD|54=2|38=100000|40=2|44=1.07862|10=000
20260915-18:47:10.300 : 8=FIX.4.4|9=0|35=8|34=425|49=VENUEX|56=BROKER1|52=20260915-18:47:10.300|11=ORD417|39=0|150=0|17=EX425|10=000
20260915-18:47:10.400 : 8=FIX.4.4|9=0|35=D|34=418|49=BROKER1|56=VENUEX|52=20260915-18:47:10.400|11=ORD418|55=XAUUSD|54=1|38=250000|40=2|44=1.08392|10=000
20260915-18:47:10.401 : 8=FIX.4.4|9=0|35=8|34=426|49=VENUEX|56=BROKER1|52=20260915-18:47:10.401|11=ORD418|39=0|150=0|17=EX426|10=000
20260915-18:47:10.501 : 8=FIX.4.4|9=0|35=D|34=419|49=BROKER1|56=VENUEX|52=20260915-18:47:10.501|11=ORD419|55=EURUSD|54=2|38=100000|40=2|44=1.07313|10=000
20260915-18:47:10.501 : 8=FIX.4.4|9=0|35=8|34=427|49=VENUEX|56=BROKER1|52=20260915-18:47:10.501|11=ORD419|39=0|150=0|17=EX427|10=000
20260915-18:47:10.602 : 8=FIX.4.4|9=0|35=D|34=420|49=BROKER1|56=VENUEX|52=20260915-18:47:10.602|11=ORD420|55=GBPUSD|54=2|38=100000|40=2|44=1.05622|10=000
20260915-18:47:10.602 : 8=FIX.4.4|9=0|35=8|34=428|49=VENUEX|56=BROKER1|52=20260915-18:47:10.602|11=ORD420|39=0|150=0|17=EX428|10=000
20260915-18:47:10.702 : 8=FIX.4.4|9=0|35=D|34=421|49=BROKER1|56=VENUEX|52=20260915-18:47:10.702|11=ORD421|55=GBPUSD|54=1|38=100000|40=2|44=1.05079|10=000
20260915-18:47:10.702 : 8=FIX.4.4|9=0|35=8|34=429|49=VENUEX|56=BROKER1|52=20260915-18:47:10.702|11=ORD421|39=0|150=0|17=EX429|10=000
20260915-18:47:10.803 : 8=FIX.4.4|9=0|35=D|34=422|49=BROKER1|56=VENUEX|52=20260915-18:47:10.803|11=ORD422|55=XAUUSD|54=2|38=100000|40=2|44=1.05186|10=000
20260915-18:47:10.803 : 8=FIX.4.4|9=0|35=8|34=430|49=VENUEX|56=BROKER1|52=20260915-18:47:10.803|11=ORD422|39=0|150=0|17=EX430|10=000
20260915-18:47:10.804 : 8=FIX.4.4|9=0|35=0|34=423|49=BROKER1|56=VENUEX|52=20260915-18:47:10.804|10=000
20260915-18:47:10.804 : 8=FIX.4.4|9=0|35=0|34=431|49=VENUEX|56=BROKER1|52=20260915-18:47:10.804|10=000
20260915-18:47:10.904 : 8=FIX.4.4|9=0|35=D|34=424|49=BROKER1|56=VENUEX|52=20260915-18:47:10.904|11=ORD424|55=XAUUSD|54=1|38=100000|40=2|44=1.08046|10=000
20260915-18:47:10.904 : 8=FIX.4.4|9=0|35=8|34=432|49=VENUEX|56=BROKER1|52=20260915-18:47:10.904|11=ORD424|39=0|150=0|17=EX432|10=000
20260915-18:47:11.005 : 8=FIX.4.4|9=0|35=D|34=425|49=BROKER1|56=VENUEX|52=20260915-18:47:11.005|11=ORD425|55=XAUUSD|54=1|38=250000|40=2|44=1.09671|10=000
20260915-18:47:11.005 : 8=FIX.4.4|9=0|35=8|34=433|49=VENUEX|56=BROKER1|52=20260915-18:47:11.005|11=ORD425|39=0|150=0|17=EX433|10=000
20260915-18:47:11.105 : 8=FIX.4.4|9=0|35=D|34=426|49=BROKER1|56=VENUEX|52=20260915-18:47:11.105|11=ORD426|55=XAUUSD|54=1|38=100000|40=2|44=1.09512|10=000
20260915-18:47:11.105 : 8=FIX.4.4|9=0|35=8|34=434|49=VENUEX|56=BROKER1|52=20260915-18:47:11.105|11=ORD426|39=0|150=0|17=EX434|10=000
20260915-18:47:11.206 : 8=FIX.4.4|9=0|35=D|34=427|49=BROKER1|56=VENUEX|52=20260915-18:47:11.206|11=ORD427|55=XAUUSD|54=1|38=250000|40=2|44=1.06198|10=000
20260915-18:47:11.206 : 8=FIX.4.4|9=0|35=8|34=435|49=VENUEX|56=BROKER1|52=20260915-18:47:11.206|11=ORD427|39=0|150=0|17=EX435|10=000
20260915-18:47:11.206 : 8=FIX.4.4|9=0|35=0|34=428|49=BROKER1|56=VENUEX|52=20260915-18:47:11.206|10=000
20260915-18:47:11.206 : 8=FIX.4.4|9=0|35=0|34=436|49=VENUEX|56=BROKER1|52=20260915-18:47:11.206|10=000
20260915-18:47:11.307 : 8=FIX.4.4|9=0|35=D|34=429|49=BROKER1|56=VENUEX|52=20260915-18:47:11.307|11=ORD429|55=EURUSD|54=2|38=250000|40=2|44=1.07615|10=000
20260915-18:47:11.307 : 8=FIX.4.4|9=0|35=8|34=437|49=VENUEX|56=BROKER1|52=20260915-18:47:11.307|11=ORD429|39=0|150=0|17=EX437|10=000
20260915-18:47:11.407 : 8=FIX.4.4|9=0|35=D|34=430|49=BROKER1|56=VENUEX|52=20260915-18:47:11.407|11=ORD430|55=XAUUSD|54=2|38=100000|40=2|44=1.06413|10=000
20260915-18:47:11.407 : 8=FIX.4.4|9=0|35=8|34=438|49=VENUEX|56=BROKER1|52=20260915-18:47:11.407|11=ORD430|39=0|150=0|17=EX438|10=000
20260915-18:47:11.508 : 8=FIX.4.4|9=0|35=D|34=431|49=BROKER1|56=VENUEX|52=20260915-18:47:11.508|11=ORD431|55=XAUUSD|54=1|38=250000|40=2|44=1.06009|10=000
20260915-18:47:11.508 : 8=FIX.4.4|9=0|35=8|34=439|49=VENUEX|56=BROKER1|52=20260915-18:47:11.508|11=ORD431|39=0|150=0|17=EX439|10=000
20260915-18:47:11.609 : 8=FIX.4.4|9=0|35=D|34=432|49=BROKER1|56=VENUEX|52=20260915-18:47:11.609|11=ORD432|55=EURUSD|54=1|38=250000|40=2|44=1.0802|10=000
20260915-18:47:11.609 : 8=FIX.4.4|9=0|35=8|34=440|49=VENUEX|56=BROKER1|52=20260915-18:47:11.609|11=ORD432|39=0|150=0|17=EX440|10=000
20260915-18:47:11.709 : 8=FIX.4.4|9=0|35=D|34=433|49=BROKER1|56=VENUEX|52=20260915-18:47:11.709|11=ORD433|55=XAUUSD|54=1|38=250000|40=2|44=1.07994|10=000
20260915-18:47:11.709 : 8=FIX.4.4|9=0|35=8|34=441|49=VENUEX|56=BROKER1|52=20260915-18:47:11.709|11=ORD433|39=0|150=0|17=EX441|10=000
20260915-18:47:11.810 : 8=FIX.4.4|9=0|35=D|34=434|49=BROKER1|56=VENUEX|52=20260915-18:47:11.810|11=ORD434|55=EURUSD|54=2|38=100000|40=2|44=1.07693|10=000
20260915-18:47:11.810 : 8=FIX.4.4|9=0|35=8|34=442|49=VENUEX|56=BROKER1|52=20260915-18:47:11.810|11=ORD434|39=0|150=0|17=EX442|10=000
20260915-18:47:11.810 : 8=FIX.4.4|9=0|35=0|34=435|49=BROKER1|56=VENUEX|52=20260915-18:47:11.810|10=000
20260915-18:47:11.810 : 8=FIX.4.4|9=0|35=0|34=443|49=VENUEX|56=BROKER1|52=20260915-18:47:11.810|10=000
20260915-18:47:11.911 : 8=FIX.4.4|9=0|35=D|34=436|49=BROKER1|56=VENUEX|52=20260915-18:47:11.911|11=ORD436|55=GBPUSD|54=1|38=250000|40=2|44=1.05513|10=000
20260915-18:47:11.911 : 8=FIX.4.4|9=0|35=8|34=444|49=VENUEX|56=BROKER1|52=20260915-18:47:11.911|11=ORD436|39=0|150=0|17=EX444|10=000
20260915-18:47:12.011 : 8=FIX.4.4|9=0|35=D|34=437|49=BROKER1|56=VENUEX|52=20260915-18:47:12.011|11=ORD437|55=XAUUSD|54=2|38=100000|40=2|44=1.06764|10=000
20260915-18:47:12.012 : 8=FIX.4.4|9=0|35=8|34=445|49=VENUEX|56=BROKER1|52=20260915-18:47:12.012|11=ORD437|39=0|150=0|17=EX445|10=000
20260915-18:47:12.112 : 8=FIX.4.4|9=0|35=D|34=438|49=BROKER1|56=VENUEX|52=20260915-18:47:12.112|11=ORD438|55=XAUUSD|54=1|38=250000|40=2|44=1.07922|10=000
20260915-18:47:12.112 : 8=FIX.4.4|9=0|35=8|34=446|49=VENUEX|56=BROKER1|52=20260915-18:47:12.112|11=ORD438|39=0|150=0|17=EX446|10=000
20260915-18:47:12.213 : 8=FIX.4.4|9=0|35=D|34=439|49=BROKER1|56=VENUEX|52=20260915-18:47:12.212|11=ORD439|55=GBPUSD|54=2|38=250000|40=2|44=1.09057|10=000
20260915-18:47:12.213 : 8=FIX.4.4|9=0|35=8|34=447|49=VENUEX|56=BROKER1|52=20260915-18:47:12.213|11=ORD439|39=0|150=0|17=EX447|10=000
20260915-18:47:12.313 : 8=FIX.4.4|9=0|35=D|34=440|49=BROKER1|56=VENUEX|52=20260915-18:47:12.313|11=ORD440|55=EURUSD|54=1|38=100000|40=2|44=1.06837|10=000
20260915-18:47:12.314 : 8=FIX.4.4|9=0|35=8|34=448|49=VENUEX|56=BROKER1|52=20260915-18:47:12.314|11=ORD440|39=0|150=0|17=EX448|10=000
20260915-18:47:12.414 : 8=FIX.4.4|9=0|35=D|34=441|49=BROKER1|56=VENUEX|52=20260915-18:47:12.414|11=ORD441|55=XAUUSD|54=1|38=250000|40=2|44=1.06307|10=000
20260915-18:47:12.414 : 8=FIX.4.4|9=0|35=8|34=449|49=VENUEX|56=BROKER1|52=20260915-18:47:12.414|11=ORD441|39=0|150=0|17=EX449|10=000
20260915-18:47:12.414 : 8=FIX.4.4|9=0|35=0|34=442|49=BROKER1|56=VENUEX|52=20260915-18:47:12.414|10=000
20260915-18:47:12.415 : 8=FIX.4.4|9=0|35=0|34=450|49=VENUEX|56=BROKER1|52=20260915-18:47:12.415|10=000
20260915-18:47:12.515 : 8=FIX.4.4|9=0|35=D|34=443|49=BROKER1|56=VENUEX|52=20260915-18:47:12.515|11=ORD443|55=XAUUSD|54=1|38=250000|40=2|44=1.09031|10=000
20260915-18:47:12.515 : 8=FIX.4.4|9=0|35=8|34=451|49=VENUEX|56=BROKER1|52=20260915-18:47:12.515|11=ORD443|39=0|150=0|17=EX451|10=000
20260915-18:47:12.515 : 8=FIX.4.4|9=0|35=0|34=444|49=BROKER1|56=VENUEX|52=20260915-18:47:12.515|10=000
20260915-18:47:12.515 : 8=FIX.4.4|9=0|35=0|34=452|49=VENUEX|56=BROKER1|52=20260915-18:47:12.515|10=000
20260915-18:47:12.616 : 8=FIX.4.4|9=0|35=D|34=445|49=BROKER1|56=VENUEX|52=20260915-18:47:12.616|11=ORD445|55=EURUSD|54=2|38=250000|40=2|44=1.05987|10=000
20260915-18:47:12.616 : 8=FIX.4.4|9=0|35=8|34=453|49=VENUEX|56=BROKER1|52=20260915-18:47:12.616|11=ORD445|39=0|150=0|17=EX453|10=000
20260915-18:47:12.716 : 8=FIX.4.4|9=0|35=D|34=446|49=BROKER1|56=VENUEX|52=20260915-18:47:12.716|11=ORD446|55=GBPUSD|54=1|38=250000|40=2|44=1.05019|10=000
20260915-18:47:12.717 : 8=FIX.4.4|9=0|35=8|34=454|49=VENUEX|56=BROKER1|52=20260915-18:47:12.717|11=ORD446|39=0|150=0|17=EX454|10=000
20260915-18:47:12.817 : 8=FIX.4.4|9=0|35=D|34=447|49=BROKER1|56=VENUEX|52=20260915-18:47:12.817|11=ORD447|55=XAUUSD|54=2|38=250000|40=2|44=1.07202|10=000
20260915-18:47:12.817 : 8=FIX.4.4|9=0|35=8|34=455|49=VENUEX|56=BROKER1|52=20260915-18:47:12.817|11=ORD447|39=0|150=0|17=EX455|10=000
20260915-18:47:12.918 : 8=FIX.4.4|9=0|35=D|34=448|49=BROKER1|56=VENUEX|52=20260915-18:47:12.918|11=ORD448|55=XAUUSD|54=2|38=250000|40=2|44=1.07524|10=000
20260915-18:47:12.918 : 8=FIX.4.4|9=0|35=8|34=456|49=VENUEX|56=BROKER1|52=20260915-18:47:12.918|11=ORD448|39=0|150=0|17=EX456|10=000
20260915-18:47:12.918 : 8=FIX.4.4|9=0|35=0|34=449|49=BROKER1|56=VENUEX|52=20260915-18:47:12.918|10=000
20260915-18:47:12.918 : 8=FIX.4.4|9=0|35=0|34=457|49=VENUEX|56=BROKER1|52=20260915-18:47:12.918|10=000
20260915-18:47:13.019 : 8=FIX.4.4|9=0|35=D|34=450|49=BROKER1|56=VENUEX|52=20260915-18:47:13.019|11=ORD450|55=XAUUSD|54=2|38=100000|40=2|44=1.07136|10=000
20260915-18:47:13.019 : 8=FIX.4.4|9=0|35=8|34=458|49=VENUEX|56=BROKER1|52=20260915-18:47:13.019|11=ORD450|39=0|150=0|17=EX458|10=000
20260915-18:47:13.120 : 8=FIX.4.4|9=0|35=D|34=451|49=BROKER1|56=VENUEX|52=20260915-18:47:13.119|11=ORD451|55=XAUUSD|54=2|38=250000|40=2|44=1.086|10=000
20260915-18:47:13.120 : 8=FIX.4.4|9=0|35=8|34=459|49=VENUEX|56=BROKER1|52=20260915-18:47:13.120|11=ORD451|39=0|150=0|17=EX459|10=000
20260915-18:47:13.120 : 8=FIX.4.4|9=0|35=0|34=452|49=BROKER1|56=VENUEX|52=20260915-18:47:13.120|10=000
20260915-18:47:13.120 : 8=FIX.4.4|9=0|35=0|34=460|49=VENUEX|56=BROKER1|52=20260915-18:47:13.120|10=000
20260915-18:47:13.221 : 8=FIX.4.4|9=0|35=D|34=453|49=BROKER1|56=VENUEX|52=20260915-18:47:13.221|11=ORD453|55=EURUSD|54=1|38=250000|40=2|44=1.05289|10=000
20260915-18:47:13.221 : 8=FIX.4.4|9=0|35=8|34=461|49=VENUEX|56=BROKER1|52=20260915-18:47:13.221|11=ORD453|39=0|150=0|17=EX461|10=000
20260915-18:47:13.321 : 8=FIX.4.4|9=0|35=D|34=454|49=BROKER1|56=VENUEX|52=20260915-18:47:13.321|11=ORD454|55=EURUSD|54=2|38=100000|40=2|44=1.0864|10=000
20260915-18:47:13.322 : 8=FIX.4.4|9=0|35=8|34=462|49=VENUEX|56=BROKER1|52=20260915-18:47:13.322|11=ORD454|39=0|150=0|17=EX462|10=000
20260915-18:47:13.322 : 8=FIX.4.4|9=0|35=0|34=455|49=BROKER1|56=VENUEX|52=20260915-18:47:13.322|10=000
20260915-18:47:13.322 : 8=FIX.4.4|9=0|35=0|34=463|49=VENUEX|56=BROKER1|52=20260915-18:47:13.322|10=000
20260915-18:47:13.423 : 8=FIX.4.4|9=0|35=D|34=456|49=BROKER1|56=VENUEX|52=20260915-18:47:13.422|11=ORD456|55=EURUSD|54=1|38=100000|40=2|44=1.09169|10=000
20260915-18:47:13.423 : 8=FIX.4.4|9=0|35=8|34=464|49=VENUEX|56=BROKER1|52=20260915-18:47:13.423|11=ORD456|39=0|150=0|17=EX464|10=000
20260915-18:47:13.423 : 8=FIX.4.4|9=0|35=0|34=457|49=BROKER1|56=VENUEX|52=20260915-18:47:13.423|10=000
20260915-18:47:13.423 : 8=FIX.4.4|9=0|35=0|34=465|49=VENUEX|56=BROKER1|52=20260915-18:47:13.423|10=000
20260915-18:47:13.523 : 8=FIX.4.4|9=0|35=D|34=458|49=BROKER1|56=VENUEX|52=20260915-18:47:13.523|11=ORD458|55=XAUUSD|54=1|38=250000|40=2|44=1.06235|10=000
20260915-18:47:13.524 : 8=FIX.4.4|9=0|35=8|34=466|49=VENUEX|56=BROKER1|52=20260915-18:47:13.524|11=ORD458|39=0|150=0|17=EX466|10=000
20260915-18:47:13.624 : 8=FIX.4.4|9=0|35=D|34=459|49=BROKER1|56=VENUEX|52=20260915-18:47:13.624|11=ORD459|55=XAUUSD|54=2|38=100000|40=2|44=1.0751|10=000
20260915-18:47:13.624 : 8=FIX.4.4|9=0|35=8|34=467|49=VENUEX|56=BROKER1|52=20260915-18:47:13.624|11=ORD459|39=0|150=0|17=EX467|10=000
20260915-18:47:13.624 : 8=FIX.4.4|9=0|35=0|34=460|49=BROKER1|56=VENUEX|52=20260915-18:47:13.624|10=000
20260915-18:47:13.625 : 8=FIX.4.4|9=0|35=0|34=468|49=VENUEX|56=BROKER1|52=20260915-18:47:13.625|10=000
20260915-18:47:13.725 : 8=FIX.4.4|9=0|35=D|34=461|49=BROKER1|56=VENUEX|52=20260915-18:47:13.725|11=ORD461|55=EURUSD|54=1|38=250000|40=2|44=1.09422|10=000
20260915-18:47:13.726 : 8=FIX.4.4|9=0|35=8|34=469|49=VENUEX|56=BROKER1|52=20260915-18:47:13.726|11=ORD461|39=0|150=0|17=EX469|10=000
20260915-18:47:13.726 : 8=FIX.4.4|9=0|35=0|34=462|49=BROKER1|56=VENUEX|52=20260915-18:47:13.726|10=000
20260915-18:47:13.726 : 8=FIX.4.4|9=0|35=0|34=470|49=VENUEX|56=BROKER1|52=20260915-18:47:13.726|10=000
20260915-18:47:13.826 : 8=FIX.4.4|9=0|35=D|34=463|49=BROKER1|56=VENUEX|52=20260915-18:47:13.826|11=ORD463|55=XAUUSD|54=2|38=250000|40=2|44=1.09943|10=000
20260915-18:47:13.827 : 8=FIX.4.4|9=0|35=8|34=471|49=VENUEX|56=BROKER1|52=20260915-18:47:13.827|11=ORD463|39=0|150=0|17=EX471|10=000
20260915-18:47:13.827 : 8=FIX.4.4|9=0|35=0|34=464|49=BROKER1|56=VENUEX|52=20260915-18:47:13.827|10=000
20260915-18:47:13.827 : 8=FIX.4.4|9=0|35=0|34=472|49=VENUEX|56=BROKER1|52=20260915-18:47:13.827|10=000
20260915-18:47:13.927 : 8=FIX.4.4|9=0|35=D|34=465|49=BROKER1|56=VENUEX|52=20260915-18:47:13.927|11=ORD465|55=XAUUSD|54=2|38=100000|40=2|44=1.08206|10=000
20260915-18:47:13.928 : 8=FIX.4.4|9=0|35=8|34=473|49=VENUEX|56=BROKER1|52=20260915-18:47:13.928|11=ORD465|39=0|150=0|17=EX473|10=000
20260915-18:47:14.028 : 8=FIX.4.4|9=0|35=D|34=466|49=BROKER1|56=VENUEX|52=20260915-18:47:14.028|11=ORD466|55=EURUSD|54=1|38=100000|40=2|44=1.05838|10=000
20260915-18:47:14.029 : 8=FIX.4.4|9=0|35=8|34=474|49=VENUEX|56=BROKER1|52=20260915-18:47:14.029|11=ORD466|39=0|150=0|17=EX474|10=000
20260915-18:47:14.129 : 8=FIX.4.4|9=0|35=D|34=467|49=BROKER1|56=VENUEX|52=20260915-18:47:14.129|11=ORD467|55=XAUUSD|54=2|38=250000|40=2|44=1.08866|10=000
20260915-18:47:14.130 : 8=FIX.4.4|9=0|35=8|34=475|49=VENUEX|56=BROKER1|52=20260915-18:47:14.129|11=ORD467|39=0|150=0|17=EX475|10=000
20260915-18:47:14.130 : 8=FIX.4.4|9=0|35=0|34=468|49=BROKER1|56=VENUEX|52=20260915-18:47:14.130|10=000
20260915-18:47:14.130 : 8=FIX.4.4|9=0|35=0|34=476|49=VENUEX|56=BROKER1|52=20260915-18:47:14.130|10=000
20260915-18:47:14.231 : 8=FIX.4.4|9=0|35=D|34=469|49=BROKER1|56=VENUEX|52=20260915-18:47:14.231|11=ORD469|55=GBPUSD|54=2|38=250000|40=2|44=1.07517|10=000
20260915-18:47:14.231 : 8=FIX.4.4|9=0|35=8|34=477|49=VENUEX|56=BROKER1|52=20260915-18:47:14.231|11=ORD469|39=0|150=0|17=EX477|10=000
20260915-18:47:14.331 : 8=FIX.4.4|9=0|35=D|34=470|49=BROKER1|56=VENUEX|52=20260915-18:47:14.331|11=ORD470|55=EURUSD|54=2|38=100000|40=2|44=1.06465|10=000
20260915-18:47:14.332 : 8=FIX.4.4|9=0|35=8|34=478|49=VENUEX|56=BROKER1|52=20260915-18:47:14.332|11=ORD470|39=0|150=0|17=EX478|10=000
20260915-18:47:14.432 : 8=FIX.4.4|9=0|35=D|34=471|49=BROKER1|56=VENUEX|52=20260915-18:47:14.432|11=ORD471|55=XAUUSD|54=2|38=250000|40=2|44=1.0648|10=000
20260915-18:47:14.432 : 8=FIX.4.4|9=0|35=8|34=479|49=VENUEX|56=BROKER1|52=20260915-18:47:14.432|11=ORD471|39=0|150=0|17=EX479|10=000
20260915-18:47:14.533 : 8=FIX.4.4|9=0|35=D|34=472|49=BROKER1|56=VENUEX|52=20260915-18:47:14.532|11=ORD472|55=GBPUSD|54=2|38=250000|40=2|44=1.05342|10=000
20260915-18:47:14.533 : 8=FIX.4.4|9=0|35=8|34=480|49=VENUEX|56=BROKER1|52=20260915-18:47:14.533|11=ORD472|39=0|150=0|17=EX480|10=000
20260915-18:47:14.633 : 8=FIX.4.4|9=0|35=D|34=473|49=BROKER1|56=VENUEX|52=20260915-18:47:14.633|11=ORD473|55=EURUSD|54=2|38=100000|40=2|44=1.07304|10=000
20260915-18:47:14.634 : 8=FIX.4.4|9=0|35=8|34=481|49=VENUEX|56=BROKER1|52=20260915-18:47:14.634|11=ORD473|39=0|150=0|17=EX481|10=000
20260915-18:47:14.634 : 8=FIX.4.4|9=0|35=0|34=474|49=BROKER1|56=VENUEX|52=20260915-18:47:14.634|10=000
20260915-18:47:14.634 : 8=FIX.4.4|9=0|35=0|34=482|49=VENUEX|56=BROKER1|52=20260915-18:47:14.634|10=000
20260915-18:47:14.735 : 8=FIX.4.4|9=0|35=D|34=475|49=BROKER1|56=VENUEX|52=20260915-18:47:14.735|11=ORD475|55=GBPUSD|54=1|38=250000|40=2|44=1.07923|10=000
20260915-18:47:14.735 : 8=FIX.4.4|9=0|35=8|34=483|49=VENUEX|56=BROKER1|52=20260915-18:47:14.735|11=ORD475|39=0|150=0|17=EX483|10=000
20260915-18:47:14.835 : 8=FIX.4.4|9=0|35=D|34=476|49=BROKER1|56=VENUEX|52=20260915-18:47:14.835|11=ORD476|55=EURUSD|54=2|38=250000|40=2|44=1.06158|10=000
20260915-18:47:14.836 : 8=FIX.4.4|9=0|35=8|34=484|49=VENUEX|56=BROKER1|52=20260915-18:47:14.836|11=ORD476|39=0|150=0|17=EX484|10=000
20260915-18:47:14.936 : 8=FIX.4.4|9=0|35=D|34=477|49=BROKER1|56=VENUEX|52=20260915-18:47:14.936|11=ORD477|55=GBPUSD|54=2|38=100000|40=2|44=1.09701|10=000
20260915-18:47:14.936 : 8=FIX.4.4|9=0|35=8|34=485|49=VENUEX|56=BROKER1|52=20260915-18:47:14.936|11=ORD477|39=0|150=0|17=EX485|10=000
20260915-18:47:15.037 : 8=FIX.4.4|9=0|35=D|34=478|49=BROKER1|56=VENUEX|52=20260915-18:47:15.037|11=ORD478|55=XAUUSD|54=2|38=250000|40=2|44=1.08644|10=000
20260915-18:47:15.037 : 8=FIX.4.4|9=0|35=8|34=486|49=VENUEX|56=BROKER1|52=20260915-18:47:15.037|11=ORD478|39=0|150=0|17=EX486|10=000
20260915-18:47:15.037 : 8=FIX.4.4|9=0|35=0|34=479|49=BROKER1|56=VENUEX|52=20260915-18:47:15.037|10=000
20260915-18:47:15.038 : 8=FIX.4.4|9=0|35=0|34=487|49=VENUEX|56=BROKER1|52=20260915-18:47:15.038|10=000
20260915-18:47:15.138 : 8=FIX.4.4|9=0|35=D|34=480|49=BROKER1|56=VENUEX|52=20260915-18:47:15.138|11=ORD480|55=GBPUSD|54=1|38=100000|40=2|44=1.09609|10=000
20260915-18:47:15.138 : 8=FIX.4.4|9=0|35=8|34=488|49=VENUEX|56=BROKER1|52=20260915-18:47:15.138|11=ORD480|39=0|150=0|17=EX488|10=000
20260915-18:47:15.239 : 8=FIX.4.4|9=0|35=D|34=481|49=BROKER1|56=VENUEX|52=20260915-18:47:15.239|11=ORD481|55=EURUSD|54=1|38=100000|40=2|44=1.06117|10=000
20260915-18:47:15.239 : 8=FIX.4.4|9=0|35=8|34=489|49=VENUEX|56=BROKER1|52=20260915-18:47:15.239|11=ORD481|39=0|150=0|17=EX489|10=000
20260915-18:47:15.239 : 8=FIX.4.4|9=0|35=0|34=482|49=BROKER1|56=VENUEX|52=20260915-18:47:15.239|10=000
20260915-18:47:15.239 : 8=FIX.4.4|9=0|35=0|34=490|49=VENUEX|56=BROKER1|52=20260915-18:47:15.239|10=000
20260915-18:47:15.340 : 8=FIX.4.4|9=0|35=D|34=483|49=BROKER1|56=VENUEX|52=20260915-18:47:15.340|11=ORD483|55=XAUUSD|54=2|38=250000|40=2|44=1.07082|10=000
20260915-18:47:15.340 : 8=FIX.4.4|9=0|35=8|34=491|49=VENUEX|56=BROKER1|52=20260915-18:47:15.340|11=ORD483|39=0|150=0|17=EX491|10=000
20260915-18:47:15.441 : 8=FIX.4.4|9=0|35=D|34=484|49=BROKER1|56=VENUEX|52=20260915-18:47:15.441|11=ORD484|55=EURUSD|54=2|38=250000|40=2|44=1.05827|10=000
20260915-18:47:15.441 : 8=FIX.4.4|9=0|35=8|34=492|49=VENUEX|56=BROKER1|52=20260915-18:47:15.441|11=ORD484|39=0|150=0|17=EX492|10=000
20260915-18:47:15.441 : 8=FIX.4.4|9=0|35=0|34=485|49=BROKER1|56=VENUEX|52=20260915-18:47:15.441|10=000
20260915-18:47:15.441 : 8=FIX.4.4|9=0|35=0|34=493|49=VENUEX|56=BROKER1|52=20260915-18:47:15.441|10=000
20260915-18:47:15.542 : 8=FIX.4.4|9=0|35=D|34=486|49=BROKER1|56=VENUEX|52=20260915-18:47:15.542|11=ORD486|55=XAUUSD|54=1|38=250000|40=2|44=1.09332|10=000
20260915-18:47:15.542 : 8=FIX.4.4|9=0|35=8|34=494|49=VENUEX|56=BROKER1|52=20260915-18:47:15.542|11=ORD486|39=0|150=0|17=EX494|10=000
20260915-18:47:15.643 : 8=FIX.4.4|9=0|35=D|34=487|49=BROKER1|56=VENUEX|52=20260915-18:47:15.643|11=ORD487|55=EURUSD|54=2|38=250000|40=2|44=1.09889|10=000
20260915-18:47:15.643 : 8=FIX.4.4|9=0|35=8|34=495|49=VENUEX|56=BROKER1|52=20260915-18:47:15.643|11=ORD487|39=0|150=0|17=EX495|10=000
20260915-18:47:15.743 : 8=FIX.4.4|9=0|35=D|34=488|49=BROKER1|56=VENUEX|52=20260915-18:47:15.743|11=ORD488|55=EURUSD|54=2|38=100000|40=2|44=1.07834|10=000
20260915-18:47:15.744 : 8=FIX.4.4|9=0|35=8|34=496|49=VENUEX|56=BROKER1|52=20260915-18:47:15.744|11=ORD488|39=0|150=0|17=EX496|10=000
20260915-18:47:15.744 : 8=FIX.4.4|9=0|35=0|34=489|49=BROKER1|56=VENUEX|52=20260915-18:47:15.744|10=000
20260915-18:47:15.744 : 8=FIX.4.4|9=0|35=0|34=497|49=VENUEX|56=BROKER1|52=20260915-18:47:15.744|10=000
20260915-18:47:15.845 : 8=FIX.4.4|9=0|35=D|34=490|49=BROKER1|56=VENUEX|52=20260915-18:47:15.845|11=ORD490|55=EURUSD|54=2|38=250000|40=2|44=1.07533|10=000
20260915-18:47:15.845 : 8=FIX.4.4|9=0|35=8|34=498|49=VENUEX|56=BROKER1|52=20260915-18:47:15.845|11=ORD490|39=0|150=0|17=EX498|10=000
20260915-18:47:15.845 : 8=FIX.4.4|9=0|35=0|34=491|49=BROKER1|56=VENUEX|52=20260915-18:47:15.845|10=000
20260915-18:47:15.846 : 8=FIX.4.4|9=0|35=0|34=499|49=VENUEX|56=BROKER1|52=20260915-18:47:15.846|10=000
20260915-18:47:15.946 : 8=FIX.4.4|9=0|35=D|34=492|49=BROKER1|56=VENUEX|52=20260915-18:47:15.946|11=ORD492|55=EURUSD|54=1|38=100000|40=2|44=1.05902|10=000
20260915-18:47:15.946 : 8=FIX.4.4|9=0|35=8|34=500|49=VENUEX|56=BROKER1|52=20260915-18:47:15.946|11=ORD492|39=0|150=0|17=EX500|10=000
20260915-18:47:16.047 : 8=FIX.4.4|9=0|35=D|34=493|49=BROKER1|56=VENUEX|52=20260915-18:47:16.047|11=ORD493|55=GBPUSD|54=1|38=250000|40=2|44=1.07399|10=000
20260915-18:47:16.047 : 8=FIX.4.4|9=0|35=8|34=501|49=VENUEX|56=BROKER1|52=20260915-18:47:16.047|11=ORD493|39=0|150=0|17=EX501|10=000
20260915-18:47:16.047 : 8=FIX.4.4|9=0|35=0|34=494|49=BROKER1|56=VENUEX|52=20260915-18:47:16.047|10=000
20260915-18:47:16.047 : 8=FIX.4.4|9=0|35=0|34=502|49=VENUEX|56=BROKER1|52=20260915-18:47:16.047|10=000
20260915-18:47:16.148 : 8=FIX.4.4|9=0|35=D|34=495|49=BROKER1|56=VENUEX|52=20260915-18:47:16.148|11=ORD495|55=GBPUSD|54=1|38=250000|40=2|44=1.09407|10=000
20260915-18:47:16.148 : 8=FIX.4.4|9=0|35=8|34=503|49=VENUEX|56=BROKER1|52=20260915-18:47:16.148|11=ORD495|39=0|150=0|17=EX503|10=000
20260915-18:47:16.249 : 8=FIX.4.4|9=0|35=D|34=496|49=BROKER1|56=VENUEX|52=20260915-18:47:16.249|11=ORD496|55=XAUUSD|54=2|38=250000|40=2|44=1.05713|10=000
20260915-18:47:16.249 : 8=FIX.4.4|9=0|35=8|34=504|49=VENUEX|56=BROKER1|52=20260915-18:47:16.249|11=ORD496|39=0|150=0|17=EX504|10=000
20260915-18:47:16.249 : 8=FIX.4.4|9=0|35=0|34=497|49=BROKER1|56=VENUEX|52=20260915-18:47:16.249|10=000
20260915-18:47:16.249 : 8=FIX.4.4|9=0|35=0|34=505|49=VENUEX|56=BROKER1|52=20260915-18:47:16.249|10=000
20260915-18:47:16.350 : 8=FIX.4.4|9=0|35=D|34=498|49=BROKER1|56=VENUEX|52=20260915-18:47:16.350|11=ORD498|55=XAUUSD|54=1|38=100000|40=2|44=1.0597|10=000
20260915-18:47:16.350 : 8=FIX.4.4|9=0|35=8|34=506|49=VENUEX|56=BROKER1|52=20260915-18:47:16.350|11=ORD498|39=0|150=0|17=EX506|10=000
20260915-18:47:16.450 : 8=FIX.4.4|9=0|35=D|34=499|49=BROKER1|56=VENUEX|52=20260915-18:47:16.450|11=ORD499|55=XAUUSD|54=1|38=250000|40=2|44=1.09078|10=000
20260915-18:47:16.451 : 8=FIX.4.4|9=0|35=8|34=507|49=VENUEX|56=BROKER1|52=20260915-18:47:16.451|11=ORD499|39=0|150=0|17=EX507|10=000
20260915-18:47:16.551 : 8=FIX.4.4|9=0|35=D|34=500|49=BROKER1|56=VENUEX|52=20260915-18:47:16.551|11=ORD500|55=GBPUSD|54=2|38=250000|40=2|44=1.05939|10=000
20260915-18:47:16.551 : 8=FIX.4.4|9=0|35=8|34=508|49=VENUEX|56=BROKER1|52=20260915-18:47:16.551|11=ORD500|39=0|150=0|17=EX508|10=000
20260915-18:47:16.551 : 8=FIX.4.4|9=0|35=0|34=501|49=BROKER1|56=VENUEX|52=20260915-18:47:16.551|10=000
20260915-18:47:16.552 : 8=FIX.4.4|9=0|35=0|34=509|49=VENUEX|56=BROKER1|52=20260915-18:47:16.552|10=000
20260915-18:47:16.652 : 8=FIX.4.4|9=0|35=D|34=502|49=BROKER1|56=VENUEX|52=20260915-18:47:16.652|11=ORD502|55=XAUUSD|54=2|38=250000|40=2|44=1.08526|10=000
20260915-18:47:16.653 : 8=FIX.4.4|9=0|35=8|34=510|49=VENUEX|56=BROKER1|52=20260915-18:47:16.653|11=ORD502|39=0|150=0|17=EX510|10=000
20260915-18:47:16.753 : 8=FIX.4.4|9=0|35=D|34=503|49=BROKER1|56=VENUEX|52=20260915-18:47:16.753|11=ORD503|55=EURUSD|54=1|38=100000|40=2|44=1.0932|10=000
20260915-18:47:16.753 : 8=FIX.4.4|9=0|35=8|34=511|49=VENUEX|56=BROKER1|52=20260915-18:47:16.753|11=ORD503|39=0|150=0|17=EX511|10=000
20260915-18:47:16.854 : 8=FIX.4.4|9=0|35=D|34=504|49=BROKER1|56=VENUEX|52=20260915-18:47:16.854|11=ORD504|55=XAUUSD|54=1|38=100000|40=2|44=1.05394|10=000
20260915-18:47:16.854 : 8=FIX.4.4|9=0|35=8|34=512|49=VENUEX|56=BROKER1|52=20260915-18:47:16.854|11=ORD504|39=0|150=0|17=EX512|10=000
20260915-18:47:16.954 : 8=FIX.4.4|9=0|35=D|34=505|49=BROKER1|56=VENUEX|52=20260915-18:47:16.954|11=ORD505|55=GBPUSD|54=2|38=250000|40=2|44=1.07346|10=000
20260915-18:47:16.954 : 8=FIX.4.4|9=0|35=8|34=513|49=VENUEX|56=BROKER1|52=20260915-18:47:16.954|11=ORD505|39=0|150=0|17=EX513|10=000
20260915-18:47:16.955 : 8=FIX.4.4|9=0|35=0|34=506|49=BROKER1|56=VENUEX|52=20260915-18:47:16.955|10=000
20260915-18:47:16.955 : 8=FIX.4.4|9=0|35=0|34=514|49=VENUEX|56=BROKER1|52=20260915-18:47:16.955|10=000
20260915-18:47:17.055 : 8=FIX.4.4|9=0|35=D|34=507|49=BROKER1|56=VENUEX|52=20260915-18:47:17.055|11=ORD507|55=EURUSD|54=2|38=100000|40=2|44=1.06165|10=000
20260915-18:47:17.055 : 8=FIX.4.4|9=0|35=8|34=515|49=VENUEX|56=BROKER1|52=20260915-18:47:17.055|11=ORD507|39=0|150=0|17=EX515|10=000
20260915-18:47:17.156 : 8=FIX.4.4|9=0|35=D|34=508|49=BROKER1|56=VENUEX|52=20260915-18:47:17.156|11=ORD508|55=GBPUSD|54=2|38=250000|40=2|44=1.07576|10=000
20260915-18:47:17.156 : 8=FIX.4.4|9=0|35=8|34=516|49=VENUEX|56=BROKER1|52=20260915-18:47:17.156|11=ORD508|39=0|150=0|17=EX516|10=000
20260915-18:47:17.256 : 8=FIX.4.4|9=0|35=D|34=509|49=BROKER1|56=VENUEX|52=20260915-18:47:17.256|11=ORD509|55=XAUUSD|54=2|38=100000|40=2|44=1.07726|10=000
20260915-18:47:17.256 : 8=FIX.4.4|9=0|35=8|34=517|49=VENUEX|56=BROKER1|52=20260915-18:47:17.256|11=ORD509|39=0|150=0|17=EX517|10=000
20260915-18:47:17.357 : 8=FIX.4.4|9=0|35=D|34=510|49=BROKER1|56=VENUEX|52=20260915-18:47:17.357|11=ORD510|55=EURUSD|54=1|38=250000|40=2|44=1.06759|10=000
20260915-18:47:17.357 : 8=FIX.4.4|9=0|35=8|34=518|49=VENUEX|56=BROKER1|52=20260915-18:47:17.357|11=ORD510|39=0|150=0|17=EX518|10=000
20260915-18:47:17.357 : 8=FIX.4.4|9=0|35=0|34=511|49=BROKER1|56=VENUEX|52=20260915-18:47:17.357|10=000
20260915-18:47:17.357 : 8=FIX.4.4|9=0|35=0|34=519|49=VENUEX|56=BROKER1|52=20260915-18:47:17.357|10=000
20260915-18:47:17.458 : 8=FIX.4.4|9=0|35=D|34=512|49=BROKER1|56=VENUEX|52=20260915-18:47:17.458|11=ORD512|55=XAUUSD|54=2|38=250000|40=2|44=1.08824|10=000
20260915-18:47:17.458 : 8=FIX.4.4|9=0|35=8|34=520|49=VENUEX|56=BROKER1|52=20260915-18:47:17.458|11=ORD512|39=0|150=0|17=EX520|10=000
20260915-18:47:17.458 : 8=FIX.4.4|9=0|35=0|34=513|49=BROKER1|56=VENUEX|52=20260915-18:47:17.458|10=000
20260915-18:47:17.458 : 8=FIX.4.4|9=0|35=0|34=521|49=VENUEX|56=BROKER1|52=20260915-18:47:17.458|10=000
20260915-18:47:17.559 : 8=FIX.4.4|9=0|35=D|34=514|49=BROKER1|56=VENUEX|52=20260915-18:47:17.558|11=ORD514|55=XAUUSD|54=2|38=100000|40=2|44=1.09709|10=000
20260915-18:47:17.559 : 8=FIX.4.4|9=0|35=8|34=522|49=VENUEX|56=BROKER1|52=20260915-18:47:17.559|11=ORD514|39=0|150=0|17=EX522|10=000
20260915-18:47:17.559 : 8=FIX.4.4|9=0|35=0|34=515|49=BROKER1|56=VENUEX|52=20260915-18:47:17.559|10=000
20260915-18:47:17.559 : 8=FIX.4.4|9=0|35=0|34=523|49=VENUEX|56=BROKER1|52=20260915-18:47:17.559|10=000
20260915-18:47:17.660 : 8=FIX.4.4|9=0|35=D|34=516|49=BROKER1|56=VENUEX|52=20260915-18:47:17.660|11=ORD516|55=EURUSD|54=1|38=250000|40=2|44=1.06788|10=000
20260915-18:47:17.660 : 8=FIX.4.4|9=0|35=8|34=524|49=VENUEX|56=BROKER1|52=20260915-18:47:17.660|11=ORD516|39=0|150=0|17=EX524|10=000
20260915-18:47:17.660 : 8=FIX.4.4|9=0|35=0|34=517|49=BROKER1|56=VENUEX|52=20260915-18:47:17.660|10=000
20260915-18:47:17.660 : 8=FIX.4.4|9=0|35=0|34=525|49=VENUEX|56=BROKER1|52=20260915-18:47:17.660|10=000
20260915-18:47:17.760 : 8=FIX.4.4|9=0|35=D|34=518|49=BROKER1|56=VENUEX|52=20260915-18:47:17.760|11=ORD518|55=XAUUSD|54=1|38=250000|40=2|44=1.07693|10=000
20260915-18:47:17.761 : 8=FIX.4.4|9=0|35=8|34=526|49=VENUEX|56=BROKER1|52=20260915-18:47:17.761|11=ORD518|39=0|150=0|17=EX526|10=000
20260915-18:47:17.861 : 8=FIX.4.4|9=0|35=D|34=519|49=BROKER1|56=VENUEX|52=20260915-18:47:17.861|11=ORD519|55=XAUUSD|54=1|38=250000|40=2|44=1.07584|10=000
20260915-18:47:17.861 : 8=FIX.4.4|9=0|35=8|34=527|49=VENUEX|56=BROKER1|52=20260915-18:47:17.861|11=ORD519|39=0|150=0|17=EX527|10=000
20260915-18:47:17.962 : 8=FIX.4.4|9=0|35=D|34=520|49=BROKER1|56=VENUEX|52=20260915-18:47:17.962|11=ORD520|55=EURUSD|54=2|38=250000|40=2|44=1.09892|10=000
20260915-18:47:17.962 : 8=FIX.4.4|9=0|35=8|34=528|49=VENUEX|56=BROKER1|52=20260915-18:47:17.962|11=ORD520|39=0|150=0|17=EX528|10=000
20260915-18:47:18.062 : 8=FIX.4.4|9=0|35=D|34=521|49=BROKER1|56=VENUEX|52=20260915-18:47:18.062|11=ORD521|55=GBPUSD|54=1|38=250000|40=2|44=1.07584|10=000
20260915-18:47:18.063 : 8=FIX.4.4|9=0|35=8|34=529|49=VENUEX|56=BROKER1|52=20260915-18:47:18.063|11=ORD521|39=0|150=0|17=EX529|10=000
20260915-18:47:18.163 : 8=FIX.4.4|9=0|35=D|34=522|49=BROKER1|56=VENUEX|52=20260915-18:47:18.163|11=ORD522|55=GBPUSD|54=2|38=250000|40=2|44=1.06416|10=000
20260915-18:47:18.163 : 8=FIX.4.4|9=0|35=8|34=530|49=VENUEX|56=BROKER1|52=20260915-18:47:18.163|11=ORD522|39=0|150=0|17=EX530|10=000
20260915-18:47:18.264 : 8=FIX.4.4|9=0|35=D|34=523|49=BROKER1|56=VENUEX|52=20260915-18:47:18.264|11=ORD523|55=XAUUSD|54=2|38=100000|40=2|44=1.06768|10=000
20260915-18:47:18.264 : 8=FIX.4.4|9=0|35=8|34=531|49=VENUEX|56=BROKER1|52=20260915-18:47:18.264|11=ORD523|39=0|150=0|17=EX531|10=000
20260915-18:47:18.365 : 8=FIX.4.4|9=0|35=D|34=524|49=BROKER1|56=VENUEX|52=20260915-18:47:18.365|11=ORD524|55=GBPUSD|54=1|38=100000|40=2|44=1.06104|10=000
20260915-18:47:18.365 : 8=FIX.4.4|9=0|35=8|34=532|49=VENUEX|56=BROKER1|52=20260915-18:47:18.365|11=ORD524|39=0|150=0|17=EX532|10=000
20260915-18:47:18.465 : 8=FIX.4.4|9=0|35=D|34=525|49=BROKER1|56=VENUEX|52=20260915-18:47:18.465|11=ORD525|55=XAUUSD|54=1|38=250000|40=2|44=1.08738|10=000
20260915-18:47:18.466 : 8=FIX.4.4|9=0|35=8|34=533|49=VENUEX|56=BROKER1|52=20260915-18:47:18.466|11=ORD525|39=0|150=0|17=EX533|10=000
20260915-18:47:18.566 : 8=FIX.4.4|9=0|35=D|34=526|49=BROKER1|56=VENUEX|52=20260915-18:47:18.566|11=ORD526|55=EURUSD|54=1|38=100000|40=2|44=1.08747|10=000
20260915-18:47:18.566 : 8=FIX.4.4|9=0|35=8|34=534|49=VENUEX|56=BROKER1|52=20260915-18:47:18.566|11=ORD526|39=0|150=0|17=EX534|10=000
20260915-18:47:18.567 : 8=FIX.4.4|9=0|35=0|34=527|49=BROKER1|56=VENUEX|52=20260915-18:47:18.567|10=000
20260915-18:47:18.567 : 8=FIX.4.4|9=0|35=0|34=535|49=VENUEX|56=BROKER1|52=20260915-18:47:18.567|10=000
20260915-18:47:18.667 : 8=FIX.4.4|9=0|35=D|34=528|49=BROKER1|56=VENUEX|52=20260915-18:47:18.667|11=ORD528|55=XAUUSD|54=2|38=100000|40=2|44=1.07046|10=000
20260915-18:47:18.668 : 8=FIX.4.4|9=0|35=8|34=536|49=VENUEX|56=BROKER1|52=20260915-18:47:18.668|11=ORD528|39=0|150=0|17=EX536|10=000
20260915-18:47:18.768 : 8=FIX.4.4|9=0|35=D|34=529|49=BROKER1|56=VENUEX|52=20260915-18:47:18.768|11=ORD529|55=GBPUSD|54=2|38=100000|40=2|44=1.06275|10=000
20260915-18:47:18.769 : 8=FIX.4.4|9=0|35=8|34=537|49=VENUEX|56=BROKER1|52=20260915-18:47:18.769|11=ORD529|39=0|150=0|17=EX537|10=000
20260915-18:47:18.869 : 8=FIX.4.4|9=0|35=D|34=530|49=BROKER1|56=VENUEX|52=20260915-18:47:18.869|11=ORD530|55=GBPUSD|54=1|38=100000|40=2|44=1.09013|10=000
20260915-18:47:18.869 : 8=FIX.4.4|9=0|35=8|34=538|49=VENUEX|56=BROKER1|52=20260915-18:47:18.869|11=ORD530|39=0|150=0|17=EX538|10=000
20260915-18:47:18.970 : 8=FIX.4.4|9=0|35=D|34=531|49=BROKER1|56=VENUEX|52=20260915-18:47:18.970|11=ORD531|55=XAUUSD|54=1|38=250000|40=2|44=1.09927|10=000
20260915-18:47:18.970 : 8=FIX.4.4|9=0|35=8|34=539|49=VENUEX|56=BROKER1|52=20260915-18:47:18.970|11=ORD531|39=0|150=0|17=EX539|10=000
20260915-18:47:18.970 : 8=FIX.4.4|9=0|35=0|34=532|49=BROKER1|56=VENUEX|52=20260915-18:47:18.970|10=000
20260915-18:47:18.970 : 8=FIX.4.4|9=0|35=0|34=540|49=VENUEX|56=BROKER1|52=20260915-18:47:18.970|10=000
20260915-18:47:19.071 : 8=FIX.4.4|9=0|35=D|34=533|49=BROKER1|56=VENUEX|52=20260915-18:47:19.071|11=ORD533|55=XAUUSD|54=2|38=100000|40=2|44=1.06962|10=000
20260915-18:47:19.071 : 8=FIX.4.4|9=0|35=8|34=541|49=VENUEX|56=BROKER1|52=20260915-18:47:19.071|11=ORD533|39=0|150=0|17=EX541|10=000
20260915-18:47:19.071 : 8=FIX.4.4|9=0|35=0|34=534|49=BROKER1|56=VENUEX|52=20260915-18:47:19.071|10=000
20260915-18:47:19.071 : 8=FIX.4.4|9=0|35=0|34=542|49=VENUEX|56=BROKER1|52=20260915-18:47:19.071|10=000
20260915-18:47:19.172 : 8=FIX.4.4|9=0|35=D|34=535|49=BROKER1|56=VENUEX|52=20260915-18:47:19.172|11=ORD535|55=EURUSD|54=2|38=250000|40=2|44=1.07883|10=000
20260915-18:47:19.172 : 8=FIX.4.4|9=0|35=8|34=543|49=VENUEX|56=BROKER1|52=20260915-18:47:19.172|11=ORD535|39=0|150=0|17=EX543|10=000
20260915-18:47:19.272 : 8=FIX.4.4|9=0|35=D|34=536|49=BROKER1|56=VENUEX|52=20260915-18:47:19.272|11=ORD536|55=GBPUSD|54=1|38=250000|40=2|44=1.0963|10=000
20260915-18:47:19.273 : 8=FIX.4.4|9=0|35=8|34=544|49=VENUEX|56=BROKER1|52=20260915-18:47:19.272|11=ORD536|39=0|150=0|17=EX544|10=000
20260915-18:47:19.373 : 8=FIX.4.4|9=0|35=D|34=537|49=BROKER1|56=VENUEX|52=20260915-18:47:19.373|11=ORD537|55=GBPUSD|54=2|38=250000|40=2|44=1.09906|10=000
20260915-18:47:19.373 : 8=FIX.4.4|9=0|35=8|34=545|49=VENUEX|56=BROKER1|52=20260915-18:47:19.373|11=ORD537|39=0|150=0|17=EX545|10=000
20260915-18:47:19.474 : 8=FIX.4.4|9=0|35=D|34=538|49=BROKER1|56=VENUEX|52=20260915-18:47:19.474|11=ORD538|55=GBPUSD|54=2|38=100000|40=2|44=1.06187|10=000
20260915-18:47:19.474 : 8=FIX.4.4|9=0|35=8|34=546|49=VENUEX|56=BROKER1|52=20260915-18:47:19.474|11=ORD538|39=0|150=0|17=EX546|10=000
20260915-18:47:19.474 : 8=FIX.4.4|9=0|35=0|34=539|49=BROKER1|56=VENUEX|52=20260915-18:47:19.474|10=000
20260915-18:47:19.475 : 8=FIX.4.4|9=0|35=0|34=547|49=VENUEX|56=BROKER1|52=20260915-18:47:19.474|10=000
20260915-18:47:19.575 : 8=FIX.4.4|9=0|35=D|34=540|49=BROKER1|56=VENUEX|52=20260915-18:47:19.575|11=ORD540|55=GBPUSD|54=2|38=100000|40=2|44=1.07344|10=000
20260915-18:47:19.575 : 8=FIX.4.4|9=0|35=8|34=548|49=VENUEX|56=BROKER1|52=20260915-18:47:19.575|11=ORD540|39=0|150=0|17=EX548|10=000
20260915-18:47:19.676 : 8=FIX.4.4|9=0|35=D|34=541|49=BROKER1|56=VENUEX|52=20260915-18:47:19.676|11=ORD541|55=GBPUSD|54=1|38=100000|40=2|44=1.08785|10=000
20260915-18:47:19.676 : 8=FIX.4.4|9=0|35=8|34=549|49=VENUEX|56=BROKER1|52=20260915-18:47:19.676|11=ORD541|39=0|150=0|17=EX549|10=000
20260915-18:47:19.777 : 8=FIX.4.4|9=0|35=D|34=542|49=BROKER1|56=VENUEX|52=20260915-18:47:19.777|11=ORD542|55=XAUUSD|54=2|38=250000|40=2|44=1.07109|10=000
20260915-18:47:19.777 : 8=FIX.4.4|9=0|35=8|34=550|49=VENUEX|56=BROKER1|52=20260915-18:47:19.777|11=ORD542|39=0|150=0|17=EX550|10=000
20260915-18:47:19.878 : 8=FIX.4.4|9=0|35=D|34=543|49=BROKER1|56=VENUEX|52=20260915-18:47:19.878|11=ORD543|55=GBPUSD|54=1|38=100000|40=2|44=1.08914|10=000
20260915-18:47:19.878 : 8=FIX.4.4|9=0|35=8|34=551|49=VENUEX|56=BROKER1|52=20260915-18:47:19.878|11=ORD543|39=0|150=0|17=EX551|10=000
20260915-18:47:19.978 : 8=FIX.4.4|9=0|35=D|34=544|49=BROKER1|56=VENUEX|52=20260915-18:47:19.978|11=ORD544|55=EURUSD|54=1|38=250000|40=2|44=1.07761|10=000
20260915-18:47:19.979 : 8=FIX.4.4|9=0|35=8|34=552|49=VENUEX|56=BROKER1|52=20260915-18:47:19.979|11=ORD544|39=0|150=0|17=EX552|10=000
20260915-18:47:19.979 : 8=FIX.4.4|9=0|35=0|34=545|49=BROKER1|56=VENUEX|52=20260915-18:47:19.979|10=000
20260915-18:47:19.979 : 8=FIX.4.4|9=0|35=0|34=553|49=VENUEX|56=BROKER1|52=20260915-18:47:19.979|10=000
20260915-18:47:20.080 : 8=FIX.4.4|9=0|35=D|34=546|49=BROKER1|56=VENUEX|52=20260915-18:47:20.080|11=ORD546|55=XAUUSD|54=2|38=100000|40=2|44=1.09331|10=000
20260915-18:47:20.080 : 8=FIX.4.4|9=0|35=8|34=554|49=VENUEX|56=BROKER1|52=20260915-18:47:20.080|11=ORD546|39=0|150=0|17=EX554|10=000
20260915-18:47:20.181 : 8=FIX.4.4|9=0|35=D|34=547|49=BROKER1|56=VENUEX|52=20260915-18:47:20.181|11=ORD547|55=XAUUSD|54=2|38=250000|40=2|44=1.05001|10=000
20260915-18:47:20.181 : 8=FIX.4.4|9=0|35=8|34=555|49=VENUEX|56=BROKER1|52=20260915-18:47:20.181|11=ORD547|39=0|150=0|17=EX555|10=000
20260915-18:47:20.281 : 8=FIX.4.4|9=0|35=D|34=548|49=BROKER1|56=VENUEX|52=20260915-18:47:20.281|11=ORD548|55=EURUSD|54=1|38=100000|40=2|44=1.08842|10=000
20260915-18:47:20.282 : 8=FIX.4.4|9=0|35=8|34=556|49=VENUEX|56=BROKER1|52=20260915-18:47:20.282|11=ORD548|39=0|150=0|17=EX556|10=000
20260915-18:47:20.382 : 8=FIX.4.4|9=0|35=D|34=549|49=BROKER1|56=VENUEX|52=20260915-18:47:20.382|11=ORD549|55=XAUUSD|54=2|38=250000|40=2|44=1.07835|10=000
20260915-18:47:20.382 : 8=FIX.4.4|9=0|35=8|34=557|49=VENUEX|56=BROKER1|52=20260915-18:47:20.382|11=ORD549|39=0|150=0|17=EX557|10=000
20260915-18:47:20.483 : 8=FIX.4.4|9=0|35=D|34=550|49=BROKER1|56=VENUEX|52=20260915-18:47:20.483|11=ORD550|55=EURUSD|54=2|38=250000|40=2|44=1.07028|10=000
20260915-18:47:20.483 : 8=FIX.4.4|9=0|35=8|34=558|49=VENUEX|56=BROKER1|52=20260915-18:47:20.483|11=ORD550|39=0|150=0|17=EX558|10=000
20260915-18:47:20.483 : 8=FIX.4.4|9=0|35=0|34=551|49=BROKER1|56=VENUEX|52=20260915-18:47:20.483|10=000
20260915-18:47:20.483 : 8=FIX.4.4|9=0|35=0|34=559|49=VENUEX|56=BROKER1|52=20260915-18:47:20.483|10=000
20260915-18:47:20.584 : 8=FIX.4.4|9=0|35=D|34=552|49=BROKER1|56=VENUEX|52=20260915-18:47:20.584|11=ORD552|55=GBPUSD|54=2|38=100000|40=2|44=1.08328|10=000
20260915-18:47:20.584 : 8=FIX.4.4|9=0|35=8|34=560|49=VENUEX|56=BROKER1|52=20260915-18:47:20.584|11=ORD552|39=0|150=0|17=EX560|10=000
20260915-18:47:20.685 : 8=FIX.4.4|9=0|35=D|34=553|49=BROKER1|56=VENUEX|52=20260915-18:47:20.685|11=ORD553|55=XAUUSD|54=1|38=250000|40=2|44=1.06171|10=000
20260915-18:47:20.685 : 8=FIX.4.4|9=0|35=8|34=561|49=VENUEX|56=BROKER1|52=20260915-18:47:20.685|11=ORD553|39=0|150=0|17=EX561|10=000
20260915-18:47:20.786 : 8=FIX.4.4|9=0|35=D|34=554|49=BROKER1|56=VENUEX|52=20260915-18:47:20.786|11=ORD554|55=XAUUSD|54=1|38=250000|40=2|44=1.05776|10=000
20260915-18:47:20.786 : 8=FIX.4.4|9=0|35=8|34=562|49=VENUEX|56=BROKER1|52=20260915-18:47:20.786|11=ORD554|39=0|150=0|17=EX562|10=000
20260915-18:47:20.786 : 8=FIX.4.4|9=0|35=0|34=555|49=BROKER1|56=VENUEX|52=20260915-18:47:20.786|10=000
20260915-18:47:20.786 : 8=FIX.4.4|9=0|35=0|34=563|49=VENUEX|56=BROKER1|52=20260915-18:47:20.786|10=000
20260915-18:47:20.887 : 8=FIX.4.4|9=0|35=D|34=556|49=BROKER1|56=VENUEX|52=20260915-18:47:20.887|11=ORD556|55=XAUUSD|54=1|38=100000|40=2|44=1.09376|10=000
20260915-18:47:20.887 : 8=FIX.4.4|9=0|35=8|34=564|49=VENUEX|56=BROKER1|52=20260915-18:47:20.887|11=ORD556|39=0|150=0|17=EX564|10=000
20260915-18:47:20.987 : 8=FIX.4.4|9=0|35=D|34=557|49=BROKER1|56=VENUEX|52=20260915-18:47:20.987|11=ORD557|55=XAUUSD|54=2|38=250000|40=2|44=1.05347|10=000
20260915-18:47:20.988 : 8=FIX.4.4|9=0|35=8|34=565|49=VENUEX|56=BROKER1|52=20260915-18:47:20.988|11=ORD557|39=0|150=0|17=EX565|10=000
20260915-18:47:21.088 : 8=FIX.4.4|9=0|35=D|34=558|49=BROKER1|56=VENUEX|52=20260915-18:47:21.088|11=ORD558|55=EURUSD|54=1|38=250000|40=2|44=1.06247|10=000
20260915-18:47:21.088 : 8=FIX.4.4|9=0|35=8|34=566|49=VENUEX|56=BROKER1|52=20260915-18:47:21.088|11=ORD558|39=0|150=0|17=EX566|10=000
20260915-18:47:21.088 : 8=FIX.4.4|9=0|35=0|34=559|49=BROKER1|56=VENUEX|52=20260915-18:47:21.088|10=000
20260915-18:47:21.088 : 8=FIX.4.4|9=0|35=0|34=567|49=VENUEX|56=BROKER1|52=20260915-18:47:21.088|10=000
20260915-18:47:21.189 : 8=FIX.4.4|9=0|35=D|34=560|49=BROKER1|56=VENUEX|52=20260915-18:47:21.189|11=ORD560|55=GBPUSD|54=1|38=100000|40=2|44=1.09161|10=000
20260915-18:47:21.189 : 8=FIX.4.4|9=0|35=8|34=568|49=VENUEX|56=BROKER1|52=20260915-18:47:21.189|11=ORD560|39=0|150=0|17=EX568|10=000
20260915-18:47:21.290 : 8=FIX.4.4|9=0|35=D|34=561|49=BROKER1|56=VENUEX|52=20260915-18:47:21.290|11=ORD561|55=XAUUSD|54=1|38=100000|40=2|44=1.08538|10=000
20260915-18:47:21.290 : 8=FIX.4.4|9=0|35=8|34=569|49=VENUEX|56=BROKER1|52=20260915-18:47:21.290|11=ORD561|39=0|150=0|17=EX569|10=000
20260915-18:47:21.391 : 8=FIX.4.4|9=0|35=D|34=562|49=BROKER1|56=VENUEX|52=20260915-18:47:21.391|11=ORD562|55=GBPUSD|54=2|38=100000|40=2|44=1.05691|10=000
20260915-18:47:21.391 : 8=FIX.4.4|9=0|35=8|34=570|49=VENUEX|56=BROKER1|52=20260915-18:47:21.391|11=ORD562|39=0|150=0|17=EX570|10=000
20260915-18:47:21.492 : 8=FIX.4.4|9=0|35=D|34=563|49=BROKER1|56=VENUEX|52=20260915-18:47:21.492|11=ORD563|55=XAUUSD|54=1|38=250000|40=2|44=1.09547|10=000
20260915-18:47:21.492 : 8=FIX.4.4|9=0|35=8|34=571|49=VENUEX|56=BROKER1|52=20260915-18:47:21.492|11=ORD563|39=0|150=0|17=EX571|10=000
20260915-18:47:21.592 : 8=FIX.4.4|9=0|35=D|34=564|49=BROKER1|56=VENUEX|52=20260915-18:47:21.592|11=ORD564|55=GBPUSD|54=1|38=250000|40=2|44=1.07458|10=000
20260915-18:47:21.593 : 8=FIX.4.4|9=0|35=8|34=572|49=VENUEX|56=BROKER1|52=20260915-18:47:21.593|11=ORD564|39=0|150=0|17=EX572|10=000
20260915-18:47:21.593 : 8=FIX.4.4|9=0|35=0|34=565|49=BROKER1|56=VENUEX|52=20260915-18:47:21.593|10=000
20260915-18:47:21.593 : 8=FIX.4.4|9=0|35=0|34=573|49=VENUEX|56=BROKER1|52=20260915-18:47:21.593|10=000
20260915-18:47:21.694 : 8=FIX.4.4|9=0|35=D|34=566|49=BROKER1|56=VENUEX|52=20260915-18:47:21.694|11=ORD566|55=EURUSD|54=1|38=250000|40=2|44=1.06282|10=000
20260915-18:47:21.694 : 8=FIX.4.4|9=0|35=8|34=574|49=VENUEX|56=BROKER1|52=20260915-18:47:21.694|11=ORD566|39=0|150=0|17=EX574|10=000
20260915-18:47:21.694 : 8=FIX.4.4|9=0|35=0|34=567|49=BROKER1|56=VENUEX|52=20260915-18:47:21.694|10=000
20260915-18:47:21.695 : 8=FIX.4.4|9=0|35=0|34=575|49=VENUEX|56=BROKER1|52=20260915-18:47:21.695|10=000
20260915-18:47:21.795 : 8=FIX.4.4|9=0|35=D|34=568|49=BROKER1|56=VENUEX|52=20260915-18:47:21.795|11=ORD568|55=GBPUSD|54=1|38=100000|40=2|44=1.062|10=000
20260915-18:47:21.795 : 8=FIX.4.4|9=0|35=8|34=576|49=VENUEX|56=BROKER1|52=20260915-18:47:21.795|11=ORD568|39=0|150=0|17=EX576|10=000
20260915-18:47:21.796 : 8=FIX.4.4|9=0|35=0|34=569|49=BROKER1|56=VENUEX|52=20260915-18:47:21.796|10=000
20260915-18:47:21.796 : 8=FIX.4.4|9=0|35=0|34=577|49=VENUEX|56=BROKER1|52=20260915-18:47:21.796|10=000
20260915-18:47:21.896 : 8=FIX.4.4|9=0|35=D|34=570|49=BROKER1|56=VENUEX|52=20260915-18:47:21.896|11=ORD570|55=GBPUSD|54=2|38=250000|40=2|44=1.0676|10=000
20260915-18:47:21.896 : 8=FIX.4.4|9=0|35=8|34=578|49=VENUEX|56=BROKER1|52=20260915-18:47:21.896|11=ORD570|39=0|150=0|17=EX578|10=000
20260915-18:47:21.997 : 8=FIX.4.4|9=0|35=D|34=571|49=BROKER1|56=VENUEX|52=20260915-18:47:21.997|11=ORD571|55=XAUUSD|54=2|38=100000|40=2|44=1.09474|10=000
20260915-18:47:21.997 : 8=FIX.4.4|9=0|35=8|34=579|49=VENUEX|56=BROKER1|52=20260915-18:47:21.997|11=ORD571|39=0|150=0|17=EX579|10=000
20260915-18:47:22.098 : 8=FIX.4.4|9=0|35=D|34=572|49=BROKER1|56=VENUEX|52=20260915-18:47:22.098|11=ORD572|55=GBPUSD|54=2|38=250000|40=2|44=1.06447|10=000
20260915-18:47:22.098 : 8=FIX.4.4|9=0|35=8|34=580|49=VENUEX|56=BROKER1|52=20260915-18:47:22.098|11=ORD572|39=0|150=0|17=EX580|10=000
20260915-18:47:22.199 : 8=FIX.4.4|9=0|35=D|34=573|49=BROKER1|56=VENUEX|52=20260915-18:47:22.198|11=ORD573|55=XAUUSD|54=1|38=100000|40=2|44=1.07765|10=000
20260915-18:47:22.199 : 8=FIX.4.4|9=0|35=8|34=581|49=VENUEX|56=BROKER1|52=20260915-18:47:22.199|11=ORD573|39=0|150=0|17=EX581|10=000
20260915-18:47:22.299 : 8=FIX.4.4|9=0|35=D|34=574|49=BROKER1|56=VENUEX|52=20260915-18:47:22.299|11=ORD574|55=GBPUSD|54=1|38=100000|40=2|44=1.0886|10=000
20260915-18:47:22.300 : 8=FIX.4.4|9=0|35=8|34=582|49=VENUEX|56=BROKER1|52=20260915-18:47:22.300|11=ORD574|39=0|150=0|17=EX582|10=000
20260915-18:47:22.400 : 8=FIX.4.4|9=0|35=D|34=575|49=BROKER1|56=VENUEX|52=20260915-18:47:22.400|11=ORD575|55=GBPUSD|54=1|38=100000|40=2|44=1.05176|10=000
20260915-18:47:22.400 : 8=FIX.4.4|9=0|35=8|34=583|49=VENUEX|56=BROKER1|52=20260915-18:47:22.400|11=ORD575|39=0|150=0|17=EX583|10=000
20260915-18:47:22.501 : 8=FIX.4.4|9=0|35=D|34=576|49=BROKER1|56=VENUEX|52=20260915-18:47:22.501|11=ORD576|55=XAUUSD|54=2|38=100000|40=2|44=1.0784|10=000
20260915-18:47:22.501 : 8=FIX.4.4|9=0|35=8|34=584|49=VENUEX|56=BROKER1|52=20260915-18:47:22.501|11=ORD576|39=0|150=0|17=EX584|10=000
20260915-18:47:22.501 : 8=FIX.4.4|9=0|35=0|34=577|49=BROKER1|56=VENUEX|52=20260915-18:47:22.501|10=000
20260915-18:47:22.501 : 8=FIX.4.4|9=0|35=0|34=585|49=VENUEX|56=BROKER1|52=20260915-18:47:22.501|10=000
20260915-18:47:22.602 : 8=FIX.4.4|9=0|35=D|34=578|49=BROKER1|56=VENUEX|52=20260915-18:47:22.602|11=ORD578|55=XAUUSD|54=1|38=250000|40=2|44=1.06535|10=000
20260915-18:47:22.602 : 8=FIX.4.4|9=0|35=8|34=586|49=VENUEX|56=BROKER1|52=20260915-18:47:22.602|11=ORD578|39=0|150=0|17=EX586|10=000
